setting,composition,task_order,round,metric,n_runs_total,n_runs_defined,mean,sd
dyad,Gemini+GPT,game,1,send,6,6,0.5,0.5477225575051661
dyad,Gemini+GPT,game,2,send,6,6,0.5,0.5477225575051661
dyad,Gemini+GPT,game,3,send,6,6,0.16666666666666666,0.408248290463863
dyad,Gemini+GPT,game,4,send,6,6,0.16666666666666666,0.408248290463863
dyad,Gemini+GPT,game,5,send,6,6,0.0,0.0
dyad,Gemini+GPT,game,6,send,6,6,0.0,0.0
dyad,Gemini+GPT,game,7,send,6,6,0.0,0.0
dyad,Gemini+GPT,game,8,send,6,6,0.0,0.0
dyad,Gemini+GPT,game,9,send,6,6,0.0,0.0
dyad,Gemini+GPT,game,10,send,6,6,0.0,0.0
dyad,Sonnet+Gemini,game,1,send,6,6,0.7999999999999999,0.21908902300206645
dyad,Sonnet+Gemini,game,2,send,6,6,0.8813333333333334,0.09803400770480956
dyad,Sonnet+Gemini,game,3,send,6,6,0.8833333333333333,0.13291601358251257
dyad,Sonnet+Gemini,game,4,send,6,6,0.9266666666666667,0.07659416862050704
dyad,Sonnet+Gemini,game,5,send,6,6,0.9166666666666666,0.11690451944500123
dyad,Sonnet+Gemini,game,6,send,6,6,0.92,0.08366600265340754
dyad,Sonnet+Gemini,game,7,send,6,6,0.9283333333333333,0.10962055768270232
dyad,Sonnet+Gemini,game,8,send,6,6,0.92,0.08099382692526634
dyad,Sonnet+Gemini,game,9,send,6,6,0.9333333333333332,0.10250203250017371
dyad,Sonnet+Gemini,game,10,send,6,6,0.91,0.09273618495495702
dyad,Sonnet+GPT,game,1,send,6,6,0.46666666666666673,0.39327683210007003
dyad,Sonnet+GPT,game,2,send,6,6,0.26666666666666666,0.32659863237109044
dyad,Sonnet+GPT,game,3,send,6,6,0.36666666666666664,0.3669695718539435
dyad,Sonnet+GPT,game,4,send,6,6,0.15,0.36742346141747667
dyad,Sonnet+GPT,game,5,send,6,6,0.03333333333333333,0.08164965809277261
dyad,Sonnet+GPT,game,6,send,6,6,0.08333333333333333,0.2041241452319315
dyad,Sonnet+GPT,game,7,send,6,6,0.03333333333333333,0.08164965809277261
dyad,Sonnet+GPT,game,8,send,6,6,0.0,0.0
dyad,Sonnet+GPT,game,9,send,6,6,0.0,0.0
dyad,Sonnet+GPT,game,10,send,6,6,0.0,0.0
dyad,Gemini+GPT,game_myth,1,send,6,6,0.6,0.48989794855663565
dyad,Gemini+GPT,game_myth,2,send,6,6,0.8333333333333334,0.19663841605003501
dyad,Gemini+GPT,game_myth,3,send,6,6,0.8006666666666667,0.3332306508511284
dyad,Gemini+GPT,game_myth,4,send,6,6,0.9666666666666667,0.08164965809277258
dyad,Gemini+GPT,game_myth,5,send,6,6,0.9333333333333332,0.1632993161855452
dyad,Gemini+GPT,game_myth,6,send,6,6,1.0,0.0
dyad,Gemini+GPT,game_myth,7,send,6,6,1.0,0.0
dyad,Gemini+GPT,game_myth,8,send,6,6,1.0,0.0
dyad,Gemini+GPT,game_myth,9,send,6,6,1.0,0.0
dyad,Gemini+GPT,game_myth,10,send,6,6,1.0,0.0
dyad,Sonnet+Gemini,game_myth,1,send,6,6,0.7999999999999999,0.21908902300206645
dyad,Sonnet+Gemini,game_myth,2,send,6,6,0.9313333333333333,0.08276875416886896
dyad,Sonnet+Gemini,game_myth,3,send,6,6,1.0,0.0
dyad,Sonnet+Gemini,game_myth,4,send,6,6,0.96,0.04898979485566354
dyad,Sonnet+Gemini,game_myth,5,send,6,6,0.9666666666666667,0.08164965809277258
dyad,Sonnet+Gemini,game_myth,6,send,6,6,0.975,0.06123724356957946
dyad,Sonnet+Gemini,game_myth,7,send,6,6,1.0,0.0
dyad,Sonnet+Gemini,game_myth,8,send,6,6,0.9666666666666667,0.08164965809277258
dyad,Sonnet+Gemini,game_myth,9,send,6,6,1.0,0.0
dyad,Sonnet+Gemini,game_myth,10,send,6,6,1.0,0.0
dyad,Sonnet+GPT,game_myth,1,send,6,6,0.3,0.3286335345030996
dyad,Sonnet+GPT,game_myth,2,send,6,6,0.5773333333333334,0.29806486989691805
dyad,Sonnet+GPT,game_myth,3,send,6,6,0.6,0.33466401061363027
dyad,Sonnet+GPT,game_myth,4,send,6,6,0.6333333333333333,0.3011090610836324
dyad,Sonnet+GPT,game_myth,5,send,6,6,0.7333333333333333,0.3559026084010437
dyad,Sonnet+GPT,game_myth,6,send,6,6,0.7583333333333332,0.3555512152512865
dyad,Sonnet+GPT,game_myth,7,send,6,6,0.7433333333333333,0.3225936556516056
dyad,Sonnet+GPT,game_myth,8,send,6,6,0.805,0.36076308015094893
dyad,Sonnet+GPT,game_myth,9,send,6,6,0.7433333333333333,0.3565202191554733
dyad,Sonnet+GPT,game_myth,10,send,6,6,0.7966666666666665,0.3559026084010437
dyad,Gemini+GPT,myth_game,1,send,6,6,0.7999999999999999,0.30983866769659335
dyad,Gemini+GPT,myth_game,2,send,6,6,0.9540000000000001,0.081338797630651
dyad,Gemini+GPT,myth_game,3,send,6,6,1.0,0.0
dyad,Gemini+GPT,myth_game,4,send,6,6,0.9666666666666667,0.08164965809277258
dyad,Gemini+GPT,myth_game,5,send,6,6,1.0,0.0
dyad,Gemini+GPT,myth_game,6,send,6,6,1.0,0.0
dyad,Gemini+GPT,myth_game,7,send,6,6,1.0,0.0
dyad,Gemini+GPT,myth_game,8,send,6,6,1.0,0.0
dyad,Gemini+GPT,myth_game,9,send,6,6,1.0,0.0
dyad,Gemini+GPT,myth_game,10,send,6,6,1.0,0.0
dyad,Sonnet+Gemini,myth_game,1,send,6,6,0.8999999999999999,0.16733200530681513
dyad,Sonnet+Gemini,myth_game,2,send,6,6,0.9433333333333334,0.08041558721209878
dyad,Sonnet+Gemini,myth_game,3,send,6,6,1.0,0.0
dyad,Sonnet+Gemini,myth_game,4,send,6,6,0.9933333333333333,0.016329931618554536
dyad,Sonnet+Gemini,myth_game,5,send,6,6,1.0,0.0
dyad,Sonnet+Gemini,myth_game,6,send,6,6,1.0,0.0
dyad,Sonnet+Gemini,myth_game,7,send,6,6,1.0,0.0
dyad,Sonnet+Gemini,myth_game,8,send,6,6,1.0,0.0
dyad,Sonnet+Gemini,myth_game,9,send,6,6,1.0,0.0
dyad,Sonnet+Gemini,myth_game,10,send,6,6,1.0,0.0
dyad,Sonnet+GPT,myth_game,1,send,6,6,0.6666666666666666,0.16329931618554522
dyad,Sonnet+GPT,myth_game,2,send,6,6,0.6426666666666667,0.20759447648400153
dyad,Sonnet+GPT,myth_game,3,send,6,6,0.6666666666666666,0.19663841605003501
dyad,Sonnet+GPT,myth_game,4,send,6,6,0.6243333333333333,0.22194924344693465
dyad,Sonnet+GPT,myth_game,5,send,6,6,0.6833333333333332,0.2562550812504343
dyad,Sonnet+GPT,myth_game,6,send,6,6,0.709,0.2421693622240435
dyad,Sonnet+GPT,myth_game,7,send,6,6,0.75,0.21679483388678802
dyad,Sonnet+GPT,myth_game,8,send,6,6,0.7613333333333334,0.2682734922922253
dyad,Sonnet+GPT,myth_game,9,send,6,6,0.6999999999999998,0.23664319132398462
dyad,Sonnet+GPT,myth_game,10,send,6,6,0.8166666666666668,0.23804761428476165
dyad,Sonnet+Sonnet,game,1,send,5,5,0.6,0.0
dyad,Sonnet+Sonnet,game,2,send,5,5,0.51,0.07416198487095663
dyad,Sonnet+Sonnet,game,3,send,5,5,0.5599999999999999,0.0547722557505166
dyad,Sonnet+Sonnet,game,4,send,5,5,0.49000000000000005,0.07416198487095661
dyad,Sonnet+Sonnet,game,5,send,5,5,0.5199999999999999,0.13038404810405294
dyad,Sonnet+Sonnet,game,6,send,5,5,0.5,0.09999999999999998
dyad,Sonnet+Sonnet,game,7,send,5,5,0.48999999999999994,0.1341640786499874
dyad,Sonnet+Sonnet,game,8,send,5,5,0.47000000000000003,0.09746794344808964
dyad,Sonnet+Sonnet,game,9,send,5,5,0.48,0.08366600265340754
dyad,Sonnet+Sonnet,game,10,send,5,5,0.45999999999999996,0.11401754250991379
dyad,Gemini+Gemini,game,1,send,5,5,1.0,0.0
dyad,Gemini+Gemini,game,2,send,5,5,1.0,0.0
dyad,Gemini+Gemini,game,3,send,5,5,1.0,0.0
dyad,Gemini+Gemini,game,4,send,5,5,1.0,0.0
dyad,Gemini+Gemini,game,5,send,5,5,1.0,0.0
dyad,Gemini+Gemini,game,6,send,5,5,1.0,0.0
dyad,Gemini+Gemini,game,7,send,5,5,1.0,0.0
dyad,Gemini+Gemini,game,8,send,5,5,1.0,0.0
dyad,Gemini+Gemini,game,9,send,5,5,1.0,0.0
dyad,Gemini+Gemini,game,10,send,5,5,1.0,0.0
dyad,GPT+GPT,game,1,send,5,5,0.0,0.0
dyad,GPT+GPT,game,2,send,5,5,0.0,0.0
dyad,GPT+GPT,game,3,send,5,5,0.0,0.0
dyad,GPT+GPT,game,4,send,5,5,0.0,0.0
dyad,GPT+GPT,game,5,send,5,5,0.0,0.0
dyad,GPT+GPT,game,6,send,5,5,0.0,0.0
dyad,GPT+GPT,game,7,send,5,5,0.0,0.0
dyad,GPT+GPT,game,8,send,5,5,0.0,0.0
dyad,GPT+GPT,game,9,send,5,5,0.0,0.0
dyad,GPT+GPT,game,10,send,5,5,0.0,0.0
dyad,Sonnet+Sonnet,game_myth,1,send,5,5,0.62,0.10954451150103324
dyad,Sonnet+Sonnet,game_myth,2,send,5,5,0.58,0.08366600265340754
dyad,Sonnet+Sonnet,game_myth,3,send,5,5,0.66,0.1140175425099138
dyad,Sonnet+Sonnet,game_myth,4,send,5,5,0.6,0.07071067811865474
dyad,Sonnet+Sonnet,game_myth,5,send,5,5,0.63,0.10954451150103324
dyad,Sonnet+Sonnet,game_myth,6,send,5,5,0.58,0.08366600265340754
dyad,Sonnet+Sonnet,game_myth,7,send,5,5,0.6399999999999999,0.1140175425099138
dyad,Sonnet+Sonnet,game_myth,8,send,5,5,0.58,0.08366600265340754
dyad,Sonnet+Sonnet,game_myth,9,send,5,5,0.6399999999999999,0.1140175425099138
dyad,Sonnet+Sonnet,game_myth,10,send,5,5,0.586,0.0773304597167248
dyad,Gemini+Gemini,game_myth,1,send,5,5,1.0,0.0
dyad,Gemini+Gemini,game_myth,2,send,5,5,1.0,0.0
dyad,Gemini+Gemini,game_myth,3,send,5,5,1.0,0.0
dyad,Gemini+Gemini,game_myth,4,send,5,5,1.0,0.0
dyad,Gemini+Gemini,game_myth,5,send,5,5,1.0,0.0
dyad,Gemini+Gemini,game_myth,6,send,5,5,1.0,0.0
dyad,Gemini+Gemini,game_myth,7,send,5,5,1.0,0.0
dyad,Gemini+Gemini,game_myth,8,send,5,5,1.0,0.0
dyad,Gemini+Gemini,game_myth,9,send,5,5,1.0,0.0
dyad,Gemini+Gemini,game_myth,10,send,5,5,1.0,0.0
dyad,GPT+GPT,game_myth,1,send,5,5,0.0,0.0
dyad,GPT+GPT,game_myth,2,send,5,5,0.4,0.282842712474619
dyad,GPT+GPT,game_myth,3,send,5,5,0.6,0.37416573867739417
dyad,GPT+GPT,game_myth,4,send,5,5,0.6,0.2449489742783178
dyad,GPT+GPT,game_myth,5,send,5,5,0.62,0.33466401061363027
dyad,GPT+GPT,game_myth,6,send,5,5,0.58,0.2863564212655271
dyad,GPT+GPT,game_myth,7,send,5,5,0.6,0.31622776601683794
dyad,GPT+GPT,game_myth,8,send,5,5,0.6799999999999999,0.31144823004794875
dyad,GPT+GPT,game_myth,9,send,5,5,0.76,0.2607680962081059
dyad,GPT+GPT,game_myth,10,send,5,5,0.9,0.22360679774997896
dyad,Sonnet+Sonnet,myth_game,1,send,5,5,0.74,0.24083189157584592
dyad,Sonnet+Sonnet,myth_game,2,send,5,5,0.6648000000000001,0.18707004035921948
dyad,Sonnet+Sonnet,myth_game,3,send,5,5,0.64,0.16733200530681513
dyad,Sonnet+Sonnet,myth_game,4,send,5,5,0.6348,0.163875562546708
dyad,Sonnet+Sonnet,myth_game,5,send,5,5,0.6599999999999999,0.13416407864998742
dyad,Sonnet+Sonnet,myth_game,6,send,5,5,0.6348,0.163875562546708
dyad,Sonnet+Sonnet,myth_game,7,send,5,5,0.6599999999999999,0.13416407864998742
dyad,Sonnet+Sonnet,myth_game,8,send,5,5,0.6348,0.163875562546708
dyad,Sonnet+Sonnet,myth_game,9,send,5,5,0.6599999999999999,0.13416407864998742
dyad,Sonnet+Sonnet,myth_game,10,send,5,5,0.6348,0.163875562546708
dyad,Gemini+Gemini,myth_game,1,send,5,5,1.0,0.0
dyad,Gemini+Gemini,myth_game,2,send,5,5,1.0,0.0
dyad,Gemini+Gemini,myth_game,3,send,5,5,1.0,0.0
dyad,Gemini+Gemini,myth_game,4,send,5,5,1.0,0.0
dyad,Gemini+Gemini,myth_game,5,send,5,5,1.0,0.0
dyad,Gemini+Gemini,myth_game,6,send,5,5,1.0,0.0
dyad,Gemini+Gemini,myth_game,7,send,5,5,1.0,0.0
dyad,Gemini+Gemini,myth_game,8,send,5,5,1.0,0.0
dyad,Gemini+Gemini,myth_game,9,send,5,5,1.0,0.0
dyad,Gemini+Gemini,myth_game,10,send,5,5,1.0,0.0
dyad,GPT+GPT,myth_game,1,send,5,5,0.56,0.35777087639996635
dyad,GPT+GPT,myth_game,2,send,5,5,0.4508,0.3675475479444802
dyad,GPT+GPT,myth_game,3,send,5,5,0.6104,0.1604393966580528
dyad,GPT+GPT,myth_game,4,send,5,5,0.7071999999999999,0.24863064975983953
dyad,GPT+GPT,myth_game,5,send,5,5,0.8,0.282842712474619
dyad,GPT+GPT,myth_game,6,send,5,5,0.792,0.2644957466576731
dyad,GPT+GPT,myth_game,7,send,5,5,0.82,0.24899799195977465
dyad,GPT+GPT,myth_game,8,send,5,5,0.78,0.2588435821108957
dyad,GPT+GPT,myth_game,9,send,5,5,0.72,0.4381780460041329
dyad,GPT+GPT,myth_game,10,send,5,5,0.6872,0.4372861763193527
population,1 Gemini + 7 GPT,game,1,send,5,5,0.15,0.13693063937629155
population,1 Gemini + 7 GPT,game,2,send,5,5,0.06999999999999999,0.10954451150103321
population,1 Gemini + 7 GPT,game,3,send,5,5,0.0,0.0
population,1 Gemini + 7 GPT,game,4,send,5,5,0.0,0.0
population,1 Gemini + 7 GPT,game,5,send,5,5,0.0,0.0
population,1 Gemini + 7 GPT,game,6,send,5,5,0.0,0.0
population,1 Gemini + 7 GPT,game,7,send,5,5,0.0,0.0
population,1 Gemini + 7 GPT,game,8,send,5,5,0.0,0.0
population,1 Gemini + 7 GPT,game,9,send,5,5,0.0,0.0
population,1 Gemini + 7 GPT,game,10,send,5,5,0.0,0.0
population,2 Gemini + 6 GPT,game,1,send,5,5,0.45999999999999996,0.2133072900770154
population,2 Gemini + 6 GPT,game,2,send,5,5,0.21000000000000002,0.2133072900770154
population,2 Gemini + 6 GPT,game,3,send,5,5,0.05,0.11180339887498951
population,2 Gemini + 6 GPT,game,4,send,5,5,0.15,0.22360679774997896
population,2 Gemini + 6 GPT,game,5,send,5,5,0.1,0.22360679774997902
population,2 Gemini + 6 GPT,game,6,send,5,5,0.15,0.22360679774997896
population,2 Gemini + 6 GPT,game,7,send,5,5,0.15,0.22360679774997896
population,2 Gemini + 6 GPT,game,8,send,5,5,0.2,0.2738612787525831
population,2 Gemini + 6 GPT,game,9,send,5,5,0.25,0.4330127018922193
population,2 Gemini + 6 GPT,game,10,send,5,5,0.1,0.13693063937629155
population,4 Gemini + 4 GPT,game,1,send,5,5,0.53,0.3134485603731496
population,4 Gemini + 4 GPT,game,2,send,5,5,0.575,0.3010398644698074
population,4 Gemini + 4 GPT,game,3,send,5,5,0.35,0.2850438562747845
population,4 Gemini + 4 GPT,game,4,send,5,5,0.35,0.33541019662496846
population,4 Gemini + 4 GPT,game,5,send,5,5,0.74,0.2382225849914319
population,4 Gemini + 4 GPT,game,6,send,5,5,0.65,0.2850438562747845
population,4 Gemini + 4 GPT,game,7,send,5,5,0.6,0.2850438562747845
population,4 Gemini + 4 GPT,game,8,send,5,5,0.7,0.11180339887498948
population,4 Gemini + 4 GPT,game,9,send,5,5,0.65,0.22360679774997896
population,4 Gemini + 4 GPT,game,10,send,5,5,0.6,0.22360679774997896
population,1 GPT + 7 Sonnet,game,1,send,5,5,0.51,0.0821583836257749
population,1 GPT + 7 Sonnet,game,2,send,5,5,0.48999999999999994,0.07416198487095661
population,1 GPT + 7 Sonnet,game,3,send,5,5,0.5272,0.12742331026935377
population,1 GPT + 7 Sonnet,game,4,send,5,5,0.565,0.10982941318244399
population,1 GPT + 7 Sonnet,game,5,send,5,5,0.48,0.048088460154178385
population,1 GPT + 7 Sonnet,game,6,send,5,5,0.53,0.13509256086106294
population,1 GPT + 7 Sonnet,game,7,send,5,5,0.64,0.09617692030835674
population,1 GPT + 7 Sonnet,game,8,send,5,5,0.635,0.07202430145443967
population,1 GPT + 7 Sonnet,game,9,send,5,5,0.625,0.10307764064044149
population,1 GPT + 7 Sonnet,game,10,send,5,5,0.7,0.030618621784789708
population,2 GPT + 6 Sonnet,game,1,send,5,5,0.44000000000000006,0.1341640786499874
population,2 GPT + 6 Sonnet,game,2,send,5,5,0.36500000000000005,0.07416198487095661
population,2 GPT + 6 Sonnet,game,3,send,5,5,0.36,0.13062350477613133
population,2 GPT + 6 Sonnet,game,4,send,5,5,0.32999999999999996,0.14620191517213446
population,2 GPT + 6 Sonnet,game,5,send,5,5,0.3350000000000001,0.1673320053068151
population,2 GPT + 6 Sonnet,game,6,send,5,5,0.35,0.21433035249352805
population,2 GPT + 6 Sonnet,game,7,send,5,5,0.305,0.17266296649832008
population,2 GPT + 6 Sonnet,game,8,send,5,5,0.39999999999999997,0.15309310892394862
population,2 GPT + 6 Sonnet,game,9,send,5,5,0.47000000000000003,0.23545169355942208
population,2 GPT + 6 Sonnet,game,10,send,5,5,0.38499999999999995,0.12820881404958084
population,4 GPT + 4 Sonnet,game,1,send,5,5,0.325,0.16583123951776998
population,4 GPT + 4 Sonnet,game,2,send,5,5,0.21000000000000002,0.14317821063276354
population,4 GPT + 4 Sonnet,game,3,send,5,5,0.185,0.1981161275615895
population,4 GPT + 4 Sonnet,game,4,send,5,5,0.24000000000000005,0.2408318915758459
population,4 GPT + 4 Sonnet,game,5,send,5,5,0.39,0.3342902930089356
population,4 GPT + 4 Sonnet,game,6,send,5,5,0.34500000000000003,0.24199690080660125
population,4 GPT + 4 Sonnet,game,7,send,5,5,0.32999999999999996,0.27294688127912364
population,4 GPT + 4 Sonnet,game,8,send,5,5,0.195,0.15850867484147357
population,4 GPT + 4 Sonnet,game,9,send,5,5,0.2902,0.16644879092381537
population,4 GPT + 4 Sonnet,game,10,send,5,5,0.48,0.17175564037317667
population,1 Gemini + 7 GPT,game_myth,1,send,5,5,0.16999999999999998,0.11510864433221339
population,1 Gemini + 7 GPT,game_myth,2,send,5,5,0.3054,0.19601224451548938
population,1 Gemini + 7 GPT,game_myth,3,send,5,5,0.45,0.27156951228000537
population,1 Gemini + 7 GPT,game_myth,4,send,5,5,0.53,0.2588435821108957
population,1 Gemini + 7 GPT,game_myth,5,send,5,5,0.53,0.27973201461398733
population,1 Gemini + 7 GPT,game_myth,6,send,5,5,0.62,0.2564176280991617
population,1 Gemini + 7 GPT,game_myth,7,send,5,5,0.7863,0.22003624701398633
population,1 Gemini + 7 GPT,game_myth,8,send,5,5,0.58,0.297069015550259
population,1 Gemini + 7 GPT,game_myth,9,send,5,5,0.8,0.2091650066335189
population,1 Gemini + 7 GPT,game_myth,10,send,5,5,0.6762,0.33953232541247086
population,2 Gemini + 6 GPT,game_myth,1,send,5,5,0.3,0.2091650066335189
population,2 Gemini + 6 GPT,game_myth,2,send,5,5,0.33999999999999997,0.3380088756231114
population,2 Gemini + 6 GPT,game_myth,3,send,5,5,0.325,0.2136000936329383
population,2 Gemini + 6 GPT,game_myth,4,send,5,5,0.58,0.08366600265340754
population,2 Gemini + 6 GPT,game_myth,5,send,5,5,0.6399999999999999,0.25347583711273153
population,2 Gemini + 6 GPT,game_myth,6,send,5,5,0.76,0.30083217912982646
population,2 Gemini + 6 GPT,game_myth,7,send,5,5,0.93,0.10954451150103323
population,2 Gemini + 6 GPT,game_myth,8,send,5,5,0.9,0.09354143466934853
population,2 Gemini + 6 GPT,game_myth,9,send,5,5,0.99,0.022360679774997918
population,2 Gemini + 6 GPT,game_myth,10,send,5,5,0.95,0.11180339887498948
population,4 Gemini + 4 GPT,game_myth,1,send,5,5,0.5,0.30618621784789724
population,4 Gemini + 4 GPT,game_myth,2,send,5,5,0.705,0.2624404694402142
population,4 Gemini + 4 GPT,game_myth,3,send,5,5,0.8150000000000001,0.1746424919657298
population,4 Gemini + 4 GPT,game_myth,4,send,5,5,0.9405000000000001,0.10846082241989502
population,4 Gemini + 4 GPT,game_myth,5,send,5,5,0.9199999999999999,0.1036822067666386
population,4 Gemini + 4 GPT,game_myth,6,send,5,5,0.9,0.11726039399558573
population,4 Gemini + 4 GPT,game_myth,7,send,5,5,0.99,0.022360679774997918
population,4 Gemini + 4 GPT,game_myth,8,send,5,5,0.95,0.11180339887498947
population,4 Gemini + 4 GPT,game_myth,9,send,5,5,0.99,0.022360679774997918
population,4 Gemini + 4 GPT,game_myth,10,send,5,5,1.0,0.0
population,1 GPT + 7 Sonnet,game_myth,1,send,5,5,0.515,0.09287087810503354
population,1 GPT + 7 Sonnet,game_myth,2,send,5,5,0.5075000000000001,0.06937218462755802
population,1 GPT + 7 Sonnet,game_myth,3,send,5,5,0.6125,0.10680004681646915
population,1 GPT + 7 Sonnet,game_myth,4,send,5,5,0.6599999999999999,0.07202430145443964
population,1 GPT + 7 Sonnet,game_myth,5,send,5,5,0.62,0.08366600265340758
population,1 GPT + 7 Sonnet,game_myth,6,send,5,5,0.6774999999999999,0.0752080447824566
population,1 GPT + 7 Sonnet,game_myth,7,send,5,5,0.6900000000000001,0.07202430145443967
population,1 GPT + 7 Sonnet,game_myth,8,send,5,5,0.63,0.08177713616898064
population,1 GPT + 7 Sonnet,game_myth,9,send,5,5,0.6599999999999999,0.08023403267940608
population,1 GPT + 7 Sonnet,game_myth,10,send,5,5,0.665,0.06274950199005566
population,2 GPT + 6 Sonnet,game_myth,1,send,5,5,0.45,0.15
population,2 GPT + 6 Sonnet,game_myth,2,send,5,5,0.5599999999999999,0.07826237921249264
population,2 GPT + 6 Sonnet,game_myth,3,send,5,5,0.6050000000000001,0.11096170510586076
population,2 GPT + 6 Sonnet,game_myth,4,send,5,5,0.658,0.1500249979170138
population,2 GPT + 6 Sonnet,game_myth,5,send,5,5,0.5900000000000001,0.13986600730699364
population,2 GPT + 6 Sonnet,game_myth,6,send,5,5,0.675,0.1299038105676658
population,2 GPT + 6 Sonnet,game_myth,7,send,5,5,0.69,0.09778803607803975
population,2 GPT + 6 Sonnet,game_myth,8,send,5,5,0.7150000000000001,0.09117291264405236
population,2 GPT + 6 Sonnet,game_myth,9,send,5,5,0.6699999999999999,0.14295978455495792
population,2 GPT + 6 Sonnet,game_myth,10,send,5,5,0.7150000000000001,0.12698425099200294
population,4 GPT + 4 Sonnet,game_myth,1,send,5,5,0.32999999999999996,0.1643167672515498
population,4 GPT + 4 Sonnet,game_myth,2,send,5,5,0.41500000000000004,0.10694624818103719
population,4 GPT + 4 Sonnet,game_myth,3,send,5,5,0.4668,0.12313082473531964
population,4 GPT + 4 Sonnet,game_myth,4,send,5,5,0.55,0.2
population,4 GPT + 4 Sonnet,game_myth,5,send,5,5,0.595,0.19716744153130356
population,4 GPT + 4 Sonnet,game_myth,6,send,5,5,0.65,0.23318447632722036
population,4 GPT + 4 Sonnet,game_myth,7,send,5,5,0.765,0.21035683967962626
population,4 GPT + 4 Sonnet,game_myth,8,send,5,5,0.72,0.21894634045811312
population,4 GPT + 4 Sonnet,game_myth,9,send,5,5,0.77,0.20263884129159446
population,4 GPT + 4 Sonnet,game_myth,10,send,5,5,0.86,0.13986600730699364
population,1 Gemini + 7 GPT,myth_game,1,send,5,5,0.67,0.13038404810405302
population,1 Gemini + 7 GPT,myth_game,2,send,5,5,0.5058,0.15761725793833622
population,1 Gemini + 7 GPT,myth_game,3,send,5,5,0.5208,0.14798885093141306
population,1 Gemini + 7 GPT,myth_game,4,send,5,5,0.5349999999999999,0.16355427233796127
population,1 Gemini + 7 GPT,myth_game,5,send,5,5,0.665,0.3380088756231114
population,1 Gemini + 7 GPT,myth_game,6,send,5,5,0.72,0.1890767040118904
population,1 Gemini + 7 GPT,myth_game,7,send,5,5,0.7200000000000001,0.1788854381999832
population,1 Gemini + 7 GPT,myth_game,8,send,5,5,0.74,0.2966479394838265
population,1 Gemini + 7 GPT,myth_game,9,send,5,5,0.8,0.27386127875258304
population,1 Gemini + 7 GPT,myth_game,10,send,5,5,0.9,0.22360679774997896
population,2 Gemini + 6 GPT,myth_game,1,send,5,5,0.8299999999999998,0.13509256086106294
population,2 Gemini + 6 GPT,myth_game,2,send,5,5,0.7426,0.24294814261483869
population,2 Gemini + 6 GPT,myth_game,3,send,5,5,0.7700000000000001,0.20493901531919195
population,2 Gemini + 6 GPT,myth_game,4,send,5,5,0.9099999999999999,0.12449899597988731
population,2 Gemini + 6 GPT,myth_game,5,send,5,5,0.9400000000000001,0.10839741694339398
population,2 Gemini + 6 GPT,myth_game,6,send,5,5,0.89,0.12942179105544785
population,2 Gemini + 6 GPT,myth_game,7,send,5,5,0.95,0.11180339887498948
population,2 Gemini + 6 GPT,myth_game,8,send,5,5,0.95,0.11180339887498948
population,2 Gemini + 6 GPT,myth_game,9,send,5,5,0.99,0.022360679774997918
population,2 Gemini + 6 GPT,myth_game,10,send,5,5,1.0,0.0
population,4 Gemini + 4 GPT,myth_game,1,send,5,5,0.8,0.10000000000000003
population,4 Gemini + 4 GPT,myth_game,2,send,5,5,0.835,0.2274862633215465
population,4 Gemini + 4 GPT,myth_game,3,send,5,5,0.93,0.15652475842498526
population,4 Gemini + 4 GPT,myth_game,4,send,5,5,1.0,0.0
population,4 Gemini + 4 GPT,myth_game,5,send,5,5,0.99,0.022360679774997918
population,4 Gemini + 4 GPT,myth_game,6,send,5,5,0.99,0.022360679774997918
population,4 Gemini + 4 GPT,myth_game,7,send,5,5,1.0,0.0
population,4 Gemini + 4 GPT,myth_game,8,send,5,5,1.0,0.0
population,4 Gemini + 4 GPT,myth_game,9,send,5,5,1.0,0.0
population,4 Gemini + 4 GPT,myth_game,10,send,5,5,0.9905000000000002,0.021242645786247995
population,1 GPT + 7 Sonnet,myth_game,1,send,5,5,0.76,0.1387443692551161
population,1 GPT + 7 Sonnet,myth_game,2,send,5,5,0.7525000000000001,0.12759800155174847
population,1 GPT + 7 Sonnet,myth_game,3,send,5,5,0.795,0.1291801068276381
population,1 GPT + 7 Sonnet,myth_game,4,send,5,5,0.8,0.07500000000000001
population,1 GPT + 7 Sonnet,myth_game,5,send,5,5,0.7925000000000001,0.10216408370851277
population,1 GPT + 7 Sonnet,myth_game,6,send,5,5,0.8300000000000001,0.07786205751198721
population,1 GPT + 7 Sonnet,myth_game,7,send,5,5,0.8250000000000002,0.1274754878398196
population,1 GPT + 7 Sonnet,myth_game,8,send,5,5,0.8275,0.06020797289396149
population,1 GPT + 7 Sonnet,myth_game,9,send,5,5,0.8099999999999999,0.06754628043053149
population,1 GPT + 7 Sonnet,myth_game,10,send,5,5,0.8274999999999999,0.06869315832017042
population,2 GPT + 6 Sonnet,myth_game,1,send,5,5,0.7449999999999999,0.10368220676663861
population,2 GPT + 6 Sonnet,myth_game,2,send,5,5,0.775,0.09842509842514764
population,2 GPT + 6 Sonnet,myth_game,3,send,5,5,0.8574999999999999,0.08459462157844312
population,2 GPT + 6 Sonnet,myth_game,4,send,5,5,0.9175000000000001,0.0899652710772329
population,2 GPT + 6 Sonnet,myth_game,5,send,5,5,0.89,0.1039831717154271
population,2 GPT + 6 Sonnet,myth_game,6,send,5,5,0.9049999999999999,0.11096170510586073
population,2 GPT + 6 Sonnet,myth_game,7,send,5,5,0.905,0.08177713616898065
population,2 GPT + 6 Sonnet,myth_game,8,send,5,5,0.925,0.1030776406404415
population,2 GPT + 6 Sonnet,myth_game,9,send,5,5,0.8799999999999999,0.13851895177195064
population,2 GPT + 6 Sonnet,myth_game,10,send,5,5,0.9,0.11726039399558573
population,4 GPT + 4 Sonnet,myth_game,1,send,5,5,0.78,0.02738612787525833
population,4 GPT + 4 Sonnet,myth_game,2,send,5,5,0.613,0.09763452258294705
population,4 GPT + 4 Sonnet,myth_game,3,send,5,5,0.7449999999999999,0.12796483892069727
population,4 GPT + 4 Sonnet,myth_game,4,send,5,5,0.7350000000000001,0.22332711434127295
population,4 GPT + 4 Sonnet,myth_game,5,send,5,5,0.7775000000000001,0.07623975340988452
population,4 GPT + 4 Sonnet,myth_game,6,send,5,5,0.8148,0.1727938077594217
population,4 GPT + 4 Sonnet,myth_game,7,send,5,5,0.7375,0.22844583603121332
population,4 GPT + 4 Sonnet,myth_game,8,send,5,5,0.8949999999999999,0.09420721840708385
population,4 GPT + 4 Sonnet,myth_game,9,send,5,5,0.8125,0.15309310892394862
population,4 GPT + 4 Sonnet,myth_game,10,send,5,5,0.78,0.13509256086106294
population,8 Sonnet,game,1,send,5,5,0.62,0.02738612787525833
population,8 Sonnet,game,2,send,5,5,0.58,0.04107919181288744
population,8 Sonnet,game,3,send,5,5,0.6025,0.03791437722025774
population,8 Sonnet,game,4,send,5,5,0.5974999999999999,0.025617376914899015
population,8 Sonnet,game,5,send,5,5,0.6,0.017677669529663705
population,8 Sonnet,game,6,send,5,5,0.61,0.028504385627478476
population,8 Sonnet,game,7,send,5,5,0.6050000000000001,0.011180339887498959
population,8 Sonnet,game,8,send,5,5,0.6100000000000001,0.022360679774997918
population,8 Sonnet,game,9,send,5,5,0.6050000000000001,0.011180339887498959
population,8 Sonnet,game,10,send,5,5,0.6050000000000001,0.011180339887498959
population,8 Gemini,game,1,send,5,5,1.0,0.0
population,8 Gemini,game,2,send,5,5,1.0,0.0
population,8 Gemini,game,3,send,5,5,1.0,0.0
population,8 Gemini,game,4,send,5,5,1.0,0.0
population,8 Gemini,game,5,send,5,5,1.0,0.0
population,8 Gemini,game,6,send,5,5,1.0,0.0
population,8 Gemini,game,7,send,5,5,1.0,0.0
population,8 Gemini,game,8,send,5,5,1.0,0.0
population,8 Gemini,game,9,send,5,5,1.0,0.0
population,8 Gemini,game,10,send,5,5,1.0,0.0
population,8 GPT,game,1,send,5,5,0.0,0.0
population,8 GPT,game,2,send,5,5,0.0,0.0
population,8 GPT,game,3,send,5,5,0.0,0.0
population,8 GPT,game,4,send,5,5,0.0,0.0
population,8 GPT,game,5,send,5,5,0.0,0.0
population,8 GPT,game,6,send,5,5,0.0,0.0
population,8 GPT,game,7,send,5,5,0.0,0.0
population,8 GPT,game,8,send,5,5,0.0,0.0
population,8 GPT,game,9,send,5,5,0.0,0.0
population,8 GPT,game,10,send,5,5,0.0,0.0
population,8 Sonnet,game_myth,1,send,5,5,0.6,0.0
population,8 Sonnet,game_myth,2,send,5,5,0.5575,0.024366985862022395
population,8 Sonnet,game_myth,3,send,5,5,0.575,0.024999999999999967
population,8 Sonnet,game_myth,4,send,5,5,0.59,0.028504385627478434
population,8 Sonnet,game_myth,5,send,5,5,0.5900000000000001,0.022360679774997918
population,8 Sonnet,game_myth,6,send,5,5,0.575,0.030618621784789708
population,8 Sonnet,game_myth,7,send,5,5,0.5850000000000001,0.022360679774997873
population,8 Sonnet,game_myth,8,send,5,5,0.5800000000000001,0.03259601202601322
population,8 Sonnet,game_myth,9,send,5,5,0.575,0.030618621784789708
population,8 Sonnet,game_myth,10,send,5,5,0.595,0.011180339887498959
population,8 Gemini,game_myth,1,send,5,5,1.0,0.0
population,8 Gemini,game_myth,2,send,5,5,1.0,0.0
population,8 Gemini,game_myth,3,send,5,5,1.0,0.0
population,8 Gemini,game_myth,4,send,5,5,1.0,0.0
population,8 Gemini,game_myth,5,send,5,5,1.0,0.0
population,8 Gemini,game_myth,6,send,5,5,1.0,0.0
population,8 Gemini,game_myth,7,send,5,5,1.0,0.0
population,8 Gemini,game_myth,8,send,5,5,1.0,0.0
population,8 Gemini,game_myth,9,send,5,5,1.0,0.0
population,8 Gemini,game_myth,10,send,5,5,1.0,0.0
population,8 GPT,game_myth,1,send,5,5,0.0,0.0
population,8 GPT,game_myth,2,send,5,5,0.26,0.1140175425099138
population,8 GPT,game_myth,3,send,5,5,0.305,0.07158910531638177
population,8 GPT,game_myth,4,send,5,5,0.30999999999999994,0.15968719422671313
population,8 GPT,game_myth,5,send,5,5,0.27,0.18574175621006708
population,8 GPT,game_myth,6,send,5,5,0.2929,0.21481573499164347
population,8 GPT,game_myth,7,send,5,5,0.35,0.15
population,8 GPT,game_myth,8,send,5,5,0.21749999999999997,0.2573300409979371
population,8 GPT,game_myth,9,send,5,5,0.29000000000000004,0.40062451248020264
population,8 GPT,game_myth,10,send,5,5,0.3,0.4472135954999579
population,8 Sonnet,myth_game,1,send,5,5,0.8300000000000001,0.08366600265340757
population,8 Sonnet,myth_game,2,send,5,5,0.788,0.07645259969418959
population,8 Sonnet,myth_game,3,send,5,5,0.8695,0.08958934088383506
population,8 Sonnet,myth_game,4,send,5,5,0.868,0.10090837428082963
population,8 Sonnet,myth_game,5,send,5,5,0.873,0.10164890555239636
population,8 Sonnet,myth_game,6,send,5,5,0.8949999999999999,0.10062305898749054
population,8 Sonnet,myth_game,7,send,5,5,0.9005000000000001,0.08944970653948506
population,8 Sonnet,myth_game,8,send,5,5,0.9100000000000001,0.08944271909999157
population,8 Sonnet,myth_game,9,send,5,5,0.905,0.09082951062292474
population,8 Sonnet,myth_game,10,send,5,5,0.908,0.08700574693662481
population,8 Gemini,myth_game,1,send,5,5,1.0,0.0
population,8 Gemini,myth_game,2,send,5,5,1.0,0.0
population,8 Gemini,myth_game,3,send,5,5,1.0,0.0
population,8 Gemini,myth_game,4,send,5,5,1.0,0.0
population,8 Gemini,myth_game,5,send,5,5,1.0,0.0
population,8 Gemini,myth_game,6,send,5,5,1.0,0.0
population,8 Gemini,myth_game,7,send,5,5,1.0,0.0
population,8 Gemini,myth_game,8,send,5,5,1.0,0.0
population,8 Gemini,myth_game,9,send,5,5,1.0,0.0
population,8 Gemini,myth_game,10,send,5,5,1.0,0.0
population,8 GPT,myth_game,1,send,5,5,0.5599999999999999,0.0961769203083567
population,8 GPT,myth_game,2,send,5,5,0.3676,0.10936772832970429
population,8 GPT,myth_game,3,send,5,5,0.465,0.15968719422671313
population,8 GPT,myth_game,4,send,5,5,0.39869999999999994,0.23419212198534778
population,8 GPT,myth_game,5,send,5,5,0.45999999999999996,0.3029026246172192
population,8 GPT,myth_game,6,send,5,5,0.36,0.20736441353327723
population,8 GPT,myth_game,7,send,5,5,0.41,0.30290262461721923
population,8 GPT,myth_game,8,send,5,5,0.3,0.2091650066335189
population,8 GPT,myth_game,9,send,5,5,0.48,0.2885307609250702
population,8 GPT,myth_game,10,send,5,5,0.2,0.3259601202601325
dyad,Gemini+GPT,game,1,return,6,3,0.0,0.0
dyad,Gemini+GPT,game,2,return,6,3,0.18822222222222226,0.32601045200240875
dyad,Gemini+GPT,game,3,return,6,1,0.44933333333333336,
dyad,Gemini+GPT,game,4,return,6,1,0.04533333333333334,
dyad,Gemini+GPT,game,5,return,6,0,,
dyad,Gemini+GPT,game,6,return,6,0,,
dyad,Gemini+GPT,game,7,return,6,0,,
dyad,Gemini+GPT,game,8,return,6,0,,
dyad,Gemini+GPT,game,9,return,6,0,,
dyad,Gemini+GPT,game,10,return,6,0,,
dyad,Sonnet+Gemini,game,1,return,6,6,0.4188148148148148,0.037521132591467735
dyad,Sonnet+Gemini,game,2,return,6,6,0.4283033033033033,0.05460180182162099
dyad,Sonnet+Gemini,game,3,return,6,6,0.4176666666666667,0.08038829378571097
dyad,Sonnet+Gemini,game,4,return,6,6,0.42130864197530854,0.07580180158148976
dyad,Sonnet+Gemini,game,5,return,6,6,0.4266860670194004,0.07631650670292728
dyad,Sonnet+Gemini,game,6,return,6,6,0.4394663525967852,0.0794813324064364
dyad,Sonnet+Gemini,game,7,return,6,6,0.4304613385315139,0.04539542031888997
dyad,Sonnet+Gemini,game,8,return,6,6,0.4255442506459948,0.05202924283972554
dyad,Sonnet+Gemini,game,9,return,6,6,0.438912037037037,0.058200405201663835
dyad,Sonnet+Gemini,game,10,return,6,6,0.41899691358024693,0.05420381494967219
dyad,Sonnet+GPT,game,1,return,6,4,0.111,0.222
dyad,Sonnet+GPT,game,2,return,6,3,0.14166666666666664,0.2396235473496802
dyad,Sonnet+GPT,game,3,return,6,4,0.12000000000000001,0.24000000000000002
dyad,Sonnet+GPT,game,4,return,6,1,0.0,
dyad,Sonnet+GPT,game,5,return,6,1,0.0,
dyad,Sonnet+GPT,game,6,return,6,1,0.0,
dyad,Sonnet+GPT,game,7,return,6,1,0.0,
dyad,Sonnet+GPT,game,8,return,6,0,,
dyad,Sonnet+GPT,game,9,return,6,0,,
dyad,Sonnet+GPT,game,10,return,6,0,,
dyad,Gemini+GPT,game_myth,1,return,6,4,0.08361111111111111,0.16722222222222224
dyad,Gemini+GPT,game_myth,2,return,6,6,0.3888240740740741,0.0799284897728354
dyad,Gemini+GPT,game_myth,3,return,6,6,0.4050315904139434,0.08362543422840711
dyad,Gemini+GPT,game_myth,4,return,6,6,0.3922222222222222,0.09884098714976869
dyad,Gemini+GPT,game_myth,5,return,6,6,0.44566666666666666,0.03527290430029513
dyad,Gemini+GPT,game_myth,6,return,6,6,0.4369444444444444,0.08140390836007999
dyad,Gemini+GPT,game_myth,7,return,6,6,0.441,0.01968755952371953
dyad,Gemini+GPT,game_myth,8,return,6,6,0.44705555555555554,0.02776121728572406
dyad,Gemini+GPT,game_myth,9,return,6,6,0.45883333333333337,0.02762185125343098
dyad,Gemini+GPT,game_myth,10,return,6,6,0.44355555555555554,0.022591706114970297
dyad,Sonnet+Gemini,game_myth,1,return,6,6,0.4591111111111111,0.04578532839563668
dyad,Sonnet+Gemini,game_myth,2,return,6,6,0.47071071071071074,0.019718429046749638
dyad,Sonnet+Gemini,game_myth,3,return,6,6,0.47727777777777786,0.07579458106301873
dyad,Sonnet+Gemini,game_myth,4,return,6,6,0.44325925925925924,0.03699173525757146
dyad,Sonnet+Gemini,game_myth,5,return,6,6,0.48961111111111105,0.07926339120416931
dyad,Sonnet+Gemini,game_myth,6,return,6,6,0.4747385620915033,0.031845044052507425
dyad,Sonnet+Gemini,game_myth,7,return,6,6,0.48394444444444445,0.0660445696873345
dyad,Sonnet+Gemini,game_myth,8,return,6,6,0.4569166666666667,0.051945029705556145
dyad,Sonnet+Gemini,game_myth,9,return,6,6,0.5074444444444445,0.08329163401144377
dyad,Sonnet+Gemini,game_myth,10,return,6,6,0.47022222222222226,0.05277653799713433
dyad,Sonnet+GPT,game_myth,1,return,6,3,0.10148148148148149,0.17577108195328608
dyad,Sonnet+GPT,game_myth,2,return,6,6,0.34299999999999997,0.18376064678989887
dyad,Sonnet+GPT,game_myth,3,return,6,5,0.536888888888889,0.18408499110632917
dyad,Sonnet+GPT,game_myth,4,return,6,6,0.37526587301587305,0.1242554792786355
dyad,Sonnet+GPT,game_myth,5,return,6,6,0.45428571428571435,0.2495158123036878
dyad,Sonnet+GPT,game_myth,6,return,6,6,0.4296172839506173,0.09875983163133696
dyad,Sonnet+GPT,game_myth,7,return,6,6,0.4794444444444445,0.18287653529223982
dyad,Sonnet+GPT,game_myth,8,return,6,6,0.42466557734204796,0.20235112606710987
dyad,Sonnet+GPT,game_myth,9,return,6,6,0.4642985409652076,0.24401963501408255
dyad,Sonnet+GPT,game_myth,10,return,6,6,0.43589232886136914,0.2226033741813081
dyad,Gemini+GPT,myth_game,1,return,6,6,0.39255555555555555,0.09058272257792668
dyad,Gemini+GPT,myth_game,2,return,6,6,0.44903523328523326,0.030684226143421218
dyad,Gemini+GPT,myth_game,3,return,6,6,0.44788888888888884,0.028488334194634576
dyad,Gemini+GPT,myth_game,4,return,6,6,0.4408888888888889,0.03595470401408891
dyad,Gemini+GPT,myth_game,5,return,6,6,0.45261111111111113,0.02676682579169529
dyad,Gemini+GPT,myth_game,6,return,6,6,0.45788888888888885,0.039357996034501706
dyad,Gemini+GPT,myth_game,7,return,6,6,0.44116666666666665,0.01981665965797464
dyad,Gemini+GPT,myth_game,8,return,6,6,0.44711111111111107,0.02776621981766625
dyad,Gemini+GPT,myth_game,9,return,6,6,0.45883333333333337,0.02755015628106511
dyad,Gemini+GPT,myth_game,10,return,6,6,0.44355555555555554,0.022591706114970297
dyad,Sonnet+Gemini,myth_game,1,return,6,6,0.49491666666666667,0.04533991986465496
dyad,Sonnet+Gemini,myth_game,2,return,6,6,0.4635370370370371,0.01359564503015611
dyad,Sonnet+Gemini,myth_game,3,return,6,6,0.5099444444444444,0.10472406423372628
dyad,Sonnet+Gemini,myth_game,4,return,6,6,0.44122222222222224,0.0378404056042783
dyad,Sonnet+Gemini,myth_game,5,return,6,6,0.5029999999999999,0.09069166322092552
dyad,Sonnet+Gemini,myth_game,6,return,6,6,0.4611111111111111,0.0365827322147526
dyad,Sonnet+Gemini,myth_game,7,return,6,6,0.48222222222222216,0.04526645393502623
dyad,Sonnet+Gemini,myth_game,8,return,6,6,0.45249999999999996,0.03483532689670069
dyad,Sonnet+Gemini,myth_game,9,return,6,6,0.5055,0.08931336841580759
dyad,Sonnet+Gemini,myth_game,10,return,6,6,0.4553888888888889,0.037941719440137064
dyad,Sonnet+GPT,myth_game,1,return,6,6,0.38842592592592595,0.126694644408557
dyad,Sonnet+GPT,myth_game,2,return,6,6,0.46342040624441494,0.18916858777177623
dyad,Sonnet+GPT,myth_game,3,return,6,6,0.3946031746031746,0.12717553035188092
dyad,Sonnet+GPT,myth_game,4,return,6,6,0.37171826284788917,0.058991238917664446
dyad,Sonnet+GPT,myth_game,5,return,6,6,0.4366203703703703,0.1469984060410208
dyad,Sonnet+GPT,myth_game,6,return,6,6,0.4203788273050568,0.10750340527964447
dyad,Sonnet+GPT,myth_game,7,return,6,6,0.4327469135802469,0.10029424588053094
dyad,Sonnet+GPT,myth_game,8,return,6,6,0.3863665723380652,0.11654601878169607
dyad,Sonnet+GPT,myth_game,9,return,6,6,0.48299691358024693,0.15835199388268192
dyad,Sonnet+GPT,myth_game,10,return,6,6,0.45308932461873636,0.06919864956834956
dyad,Sonnet+Sonnet,game,1,return,5,5,0.42444444444444446,0.09209495904489821
dyad,Sonnet+Sonnet,game,2,return,5,5,0.40151515151515155,0.08460462792917404
dyad,Sonnet+Sonnet,game,3,return,5,5,0.36333333333333334,0.06912147117775908
dyad,Sonnet+Sonnet,game,4,return,5,5,0.34211111111111114,0.06578866276303345
dyad,Sonnet+Sonnet,game,5,return,5,5,0.36634920634920637,0.08653860312711165
dyad,Sonnet+Sonnet,game,6,return,5,5,0.4024444444444445,0.0868815001120975
dyad,Sonnet+Sonnet,game,7,return,5,5,0.35717171717171714,0.06641692585475421
dyad,Sonnet+Sonnet,game,8,return,5,5,0.37923809523809526,0.08423633204970529
dyad,Sonnet+Sonnet,game,9,return,5,5,0.3762222222222222,0.09580587368266504
dyad,Sonnet+Sonnet,game,10,return,5,5,0.3377777777777778,0.0794696929575384
dyad,Gemini+Gemini,game,1,return,5,5,0.45,0.03701351104664351
dyad,Gemini+Gemini,game,2,return,5,5,0.4490666666666666,0.025195237645237647
dyad,Gemini+Gemini,game,3,return,5,5,0.43000000000000005,0.029181424837652365
dyad,Gemini+Gemini,game,4,return,5,5,0.43653333333333333,0.03861893605761587
dyad,Gemini+Gemini,game,5,return,5,5,0.44159999999999994,0.024085957181173696
dyad,Gemini+Gemini,game,6,return,5,5,0.4646666666666667,0.03989708984096181
dyad,Gemini+Gemini,game,7,return,5,5,0.4446666666666667,0.019675139417831597
dyad,Gemini+Gemini,game,8,return,5,5,0.45600000000000007,0.018696404883173538
dyad,Gemini+Gemini,game,9,return,5,5,0.4517333333333333,0.02401203402000293
dyad,Gemini+Gemini,game,10,return,5,5,0.43979999999999997,0.023074276201480785
dyad,GPT+GPT,game,1,return,5,0,,
dyad,GPT+GPT,game,2,return,5,0,,
dyad,GPT+GPT,game,3,return,5,0,,
dyad,GPT+GPT,game,4,return,5,0,,
dyad,GPT+GPT,game,5,return,5,0,,
dyad,GPT+GPT,game,6,return,5,0,,
dyad,GPT+GPT,game,7,return,5,0,,
dyad,GPT+GPT,game,8,return,5,0,,
dyad,GPT+GPT,game,9,return,5,0,,
dyad,GPT+GPT,game,10,return,5,0,,
dyad,Sonnet+Sonnet,game_myth,1,return,5,5,0.39444444444444443,0.05692750425533111
dyad,Sonnet+Sonnet,game_myth,2,return,5,5,0.4426793650793651,0.052379574777459526
dyad,Sonnet+Sonnet,game_myth,3,return,5,5,0.39496507936507935,0.049908404891468756
dyad,Sonnet+Sonnet,game_myth,4,return,5,5,0.4403492063492064,0.036588317308491616
dyad,Sonnet+Sonnet,game_myth,5,return,5,5,0.4054837606837607,0.03221304228888874
dyad,Sonnet+Sonnet,game_myth,6,return,5,5,0.48012698412698407,0.059055555022259766
dyad,Sonnet+Sonnet,game_myth,7,return,5,5,0.3987301587301587,0.028662772855134317
dyad,Sonnet+Sonnet,game_myth,8,return,5,5,0.4646349206349206,0.07496151695999298
dyad,Sonnet+Sonnet,game_myth,9,return,5,5,0.4073015873015874,0.05278642965246632
dyad,Sonnet+Sonnet,game_myth,10,return,5,5,0.4331608265947889,0.0982178678833463
dyad,Gemini+Gemini,game_myth,1,return,5,5,0.4537333333333334,0.03461727250312416
dyad,Gemini+Gemini,game_myth,2,return,5,5,0.4590666666666666,0.033854591022981426
dyad,Gemini+Gemini,game_myth,3,return,5,5,0.45313333333333333,0.027720429690432702
dyad,Gemini+Gemini,game_myth,4,return,5,5,0.4530666666666667,0.045669342987269816
dyad,Gemini+Gemini,game_myth,5,return,5,5,0.4590666666666666,0.03274005362107875
dyad,Gemini+Gemini,game_myth,6,return,5,5,0.466,0.04101828860398738
dyad,Gemini+Gemini,game_myth,7,return,5,5,0.4568666666666667,0.03247357900406625
dyad,Gemini+Gemini,game_myth,8,return,5,5,0.46259999999999996,0.027418971534322725
dyad,Gemini+Gemini,game_myth,9,return,5,5,0.4561333333333334,0.031079289281163148
dyad,Gemini+Gemini,game_myth,10,return,5,5,0.44639999999999996,0.03465977495599186
dyad,GPT+GPT,game_myth,1,return,5,0,,
dyad,GPT+GPT,game_myth,2,return,5,4,0.2702777777777778,0.07503839894928747
dyad,GPT+GPT,game_myth,3,return,5,5,0.24,0.12395675769306722
dyad,GPT+GPT,game_myth,4,return,5,5,0.2988,0.11933784390399517
dyad,GPT+GPT,game_myth,5,return,5,5,0.27199999999999996,0.10748069019797042
dyad,GPT+GPT,game_myth,6,return,5,5,0.31222222222222223,0.14162844800374896
dyad,GPT+GPT,game_myth,7,return,5,5,0.2972222222222222,0.16797725448611
dyad,GPT+GPT,game_myth,8,return,5,5,0.33595555555555556,0.06897815005626917
dyad,GPT+GPT,game_myth,9,return,5,5,0.4030666666666667,0.11451580434352478
dyad,GPT+GPT,game_myth,10,return,5,5,0.3174666666666666,0.07049570514892696
dyad,Sonnet+Sonnet,myth_game,1,return,5,5,0.4806222222222223,0.09100785476885846
dyad,Sonnet+Sonnet,myth_game,2,return,5,5,0.48912229210342417,0.15518376955493804
dyad,Sonnet+Sonnet,myth_game,3,return,5,5,0.44761111111111107,0.06148170459575758
dyad,Sonnet+Sonnet,myth_game,4,return,5,5,0.4637707261292167,0.1363140901607557
dyad,Sonnet+Sonnet,myth_game,5,return,5,5,0.48963333333333336,0.07357090726001501
dyad,Sonnet+Sonnet,myth_game,6,return,5,5,0.5092083095101964,0.1571005477187792
dyad,Sonnet+Sonnet,myth_game,7,return,5,5,0.4949111111111112,0.12083751972313692
dyad,Sonnet+Sonnet,myth_game,8,return,5,5,0.48813979416809605,0.1441778668153299
dyad,Sonnet+Sonnet,myth_game,9,return,5,5,0.5034888888888889,0.09040101332328386
dyad,Sonnet+Sonnet,myth_game,10,return,5,5,0.46569449209071845,0.14836538905328722
dyad,Gemini+Gemini,myth_game,1,return,5,5,0.4561333333333334,0.04173833835802391
dyad,Gemini+Gemini,myth_game,2,return,5,5,0.4646666666666667,0.02432191512927293
dyad,Gemini+Gemini,myth_game,3,return,5,5,0.4418,0.04066502728936062
dyad,Gemini+Gemini,myth_game,4,return,5,5,0.4596,0.04570339155905173
dyad,Gemini+Gemini,myth_game,5,return,5,5,0.4596,0.040071048013358604
dyad,Gemini+Gemini,myth_game,6,return,5,5,0.4884666666666667,0.04296807600481497
dyad,Gemini+Gemini,myth_game,7,return,5,5,0.4598,0.02387188024992307
dyad,Gemini+Gemini,myth_game,8,return,5,5,0.48386666666666667,0.033165075338708674
dyad,Gemini+Gemini,myth_game,9,return,5,5,0.46220000000000006,0.03454594364353394
dyad,Gemini+Gemini,myth_game,10,return,5,5,0.4740666666666666,0.042336220373996016
dyad,GPT+GPT,myth_game,1,return,5,4,0.29866666666666664,0.058152913227734596
dyad,GPT+GPT,myth_game,2,return,5,4,0.24725073481950913,0.05919440522045456
dyad,GPT+GPT,myth_game,3,return,5,5,0.31880281690140844,0.05399725810154267
dyad,GPT+GPT,myth_game,4,return,5,5,0.24106946191474493,0.1435180061855497
dyad,GPT+GPT,myth_game,5,return,5,5,0.3676666666666667,0.10210724209814351
dyad,GPT+GPT,myth_game,6,return,5,5,0.37780117720823214,0.05675823804962918
dyad,GPT+GPT,myth_game,7,return,5,5,0.367,0.09089493324101672
dyad,GPT+GPT,myth_game,8,return,5,5,0.37948148148148153,0.100889922222369
dyad,GPT+GPT,myth_game,9,return,5,4,0.39738888888888885,0.059535755415040345
dyad,GPT+GPT,myth_game,10,return,5,4,0.3386752136752137,0.07787593505612879
population,1 Gemini + 7 GPT,game,1,return,5,3,0.0,0.0
population,1 Gemini + 7 GPT,game,2,return,5,2,0.0,0.0
population,1 Gemini + 7 GPT,game,3,return,5,0,,
population,1 Gemini + 7 GPT,game,4,return,5,0,,
population,1 Gemini + 7 GPT,game,5,return,5,0,,
population,1 Gemini + 7 GPT,game,6,return,5,0,,
population,1 Gemini + 7 GPT,game,7,return,5,0,,
population,1 Gemini + 7 GPT,game,8,return,5,0,,
population,1 Gemini + 7 GPT,game,9,return,5,0,,
population,1 Gemini + 7 GPT,game,10,return,5,0,,
population,2 Gemini + 6 GPT,game,1,return,5,5,0.14654871794871793,0.16897891282140426
population,2 Gemini + 6 GPT,game,2,return,5,3,0.07766666666666668,0.1345226127211828
population,2 Gemini + 6 GPT,game,3,return,5,1,0.44933333333333336,
population,2 Gemini + 6 GPT,game,4,return,5,2,0.119,0.1682914139223983
population,2 Gemini + 6 GPT,game,5,return,5,1,0.415,
population,2 Gemini + 6 GPT,game,6,return,5,2,0.22416666666666665,0.31701954023196877
population,2 Gemini + 6 GPT,game,7,return,5,2,0.20500000000000002,0.2899137802864845
population,2 Gemini + 6 GPT,game,8,return,5,2,0.22633333333333333,0.004242640687119289
population,2 Gemini + 6 GPT,game,9,return,5,2,0.2966666666666667,0.2602152954766495
population,2 Gemini + 6 GPT,game,10,return,5,2,0.43933333333333335,0.055625733453341694
population,4 Gemini + 4 GPT,game,1,return,5,4,0.16993589743589743,0.059788198297085024
population,4 Gemini + 4 GPT,game,2,return,5,5,0.2715777777777778,0.204159257613109
population,4 Gemini + 4 GPT,game,3,return,5,4,0.4378333333333333,0.02170082777052356
population,4 Gemini + 4 GPT,game,4,return,5,3,0.357,0.13518177063166142
population,4 Gemini + 4 GPT,game,5,return,5,5,0.31975789473684213,0.13191375030388866
population,4 Gemini + 4 GPT,game,6,return,5,5,0.3452,0.08770867181249019
population,4 Gemini + 4 GPT,game,7,return,5,5,0.34256666666666663,0.13964576215871677
population,4 Gemini + 4 GPT,game,8,return,5,5,0.3324222222222222,0.12549306212685746
population,4 Gemini + 4 GPT,game,9,return,5,5,0.4326555555555556,0.0487695892899066
population,4 Gemini + 4 GPT,game,10,return,5,5,0.3237,0.1855757332675201
population,1 GPT + 7 Sonnet,game,1,return,5,5,0.3247407407407407,0.057537129420946465
population,1 GPT + 7 Sonnet,game,2,return,5,5,0.3534076239191329,0.024992098003858088
population,1 GPT + 7 Sonnet,game,3,return,5,5,0.3937849601153605,0.03383194703518132
population,1 GPT + 7 Sonnet,game,4,return,5,5,0.35823053328850424,0.049451239724222065
population,1 GPT + 7 Sonnet,game,5,return,5,5,0.3762819109568335,0.0233299653422183
population,1 GPT + 7 Sonnet,game,6,return,5,5,0.42425488400488404,0.025803345263832787
population,1 GPT + 7 Sonnet,game,7,return,5,5,0.3980878313280007,0.023818886623548165
population,1 GPT + 7 Sonnet,game,8,return,5,5,0.37988271604938273,0.06924194514785767
population,1 GPT + 7 Sonnet,game,9,return,5,5,0.41672063492063494,0.020624220669060344
population,1 GPT + 7 Sonnet,game,10,return,5,5,0.4090647266313933,0.025765016316222047
population,2 GPT + 6 Sonnet,game,1,return,5,5,0.26766666666666666,0.08895171390933065
population,2 GPT + 6 Sonnet,game,2,return,5,5,0.3154413773361142,0.074705476719524
population,2 GPT + 6 Sonnet,game,3,return,5,5,0.3364862155388471,0.016801056579212204
population,2 GPT + 6 Sonnet,game,4,return,5,5,0.34587590187590184,0.06892394121861485
population,2 GPT + 6 Sonnet,game,5,return,5,5,0.3405462962962963,0.03339703275715026
population,2 GPT + 6 Sonnet,game,6,return,5,5,0.35432581786030065,0.061420364956782436
population,2 GPT + 6 Sonnet,game,7,return,5,5,0.35332399626517275,0.05931054598812378
population,2 GPT + 6 Sonnet,game,8,return,5,5,0.32374550264550267,0.03735136020371273
population,2 GPT + 6 Sonnet,game,9,return,5,5,0.42095335057099764,0.025916420441980607
population,2 GPT + 6 Sonnet,game,10,return,5,5,0.359499582289056,0.05814563010674489
population,4 GPT + 4 Sonnet,game,1,return,5,5,0.1611111111111111,0.18257418583505536
population,4 GPT + 4 Sonnet,game,2,return,5,4,0.21458333333333335,0.1873962676018685
population,4 GPT + 4 Sonnet,game,3,return,5,4,0.36098684210526316,0.1217817556703721
population,4 GPT + 4 Sonnet,game,4,return,5,4,0.3375,0.15358373274198983
population,4 GPT + 4 Sonnet,game,5,return,5,5,0.33697777777777776,0.11063504679913555
population,4 GPT + 4 Sonnet,game,6,return,5,5,0.3419242863416777,0.10550229231640915
population,4 GPT + 4 Sonnet,game,7,return,5,5,0.3494871794871795,0.04047963993389975
population,4 GPT + 4 Sonnet,game,8,return,5,4,0.28616319444444444,0.19386463964585038
population,4 GPT + 4 Sonnet,game,9,return,5,4,0.4491496332782759,0.027492221192998947
population,4 GPT + 4 Sonnet,game,10,return,5,5,0.2780584045584045,0.19842787710848267
population,1 Gemini + 7 GPT,game_myth,1,return,5,4,0.10966666666666666,0.2193333333333333
population,1 Gemini + 7 GPT,game_myth,2,return,5,5,0.3381085155236099,0.07790716665540312
population,1 Gemini + 7 GPT,game_myth,3,return,5,5,0.3310991452991453,0.11017039704666108
population,1 Gemini + 7 GPT,game_myth,4,return,5,5,0.37738461538461543,0.07705596593506561
population,1 Gemini + 7 GPT,game_myth,5,return,5,5,0.35734102564102566,0.08308641802340834
population,1 Gemini + 7 GPT,game_myth,6,return,5,5,0.4108365079365079,0.05034305643098965
population,1 Gemini + 7 GPT,game_myth,7,return,5,5,0.3761891343945513,0.04739964796394971
population,1 Gemini + 7 GPT,game_myth,8,return,5,5,0.4224555555555556,0.04998741199566839
population,1 Gemini + 7 GPT,game_myth,9,return,5,5,0.40888888888888886,0.04752992884280882
population,1 Gemini + 7 GPT,game_myth,10,return,5,5,0.4249857798165137,0.029798913465267807
population,2 Gemini + 6 GPT,game_myth,1,return,5,4,0.0,0.0
population,2 Gemini + 6 GPT,game_myth,2,return,5,3,0.285995115995116,0.026489983791608475
population,2 Gemini + 6 GPT,game_myth,3,return,5,5,0.3049103174603175,0.1634599966529882
population,2 Gemini + 6 GPT,game_myth,4,return,5,5,0.3969809523809523,0.025702121240885546
population,2 Gemini + 6 GPT,game_myth,5,return,5,5,0.38518803418803416,0.04298860314189464
population,2 Gemini + 6 GPT,game_myth,6,return,5,5,0.4419616787065704,0.0320115326420643
population,2 Gemini + 6 GPT,game_myth,7,return,5,5,0.4201722222222223,0.030183967823668348
population,2 Gemini + 6 GPT,game_myth,8,return,5,5,0.4378658869395712,0.027866548561059527
population,2 Gemini + 6 GPT,game_myth,9,return,5,5,0.42459210526315794,0.039116195796915804
population,2 Gemini + 6 GPT,game_myth,10,return,5,5,0.4147222222222222,0.032040814779409
population,4 Gemini + 4 GPT,game_myth,1,return,5,4,0.11766666666666667,0.08415965622924985
population,4 Gemini + 4 GPT,game_myth,2,return,5,5,0.40019943019943016,0.03777876610671274
population,4 Gemini + 4 GPT,game_myth,3,return,5,5,0.418479365079365,0.014001752985669523
population,4 Gemini + 4 GPT,game_myth,4,return,5,5,0.4388456692913386,0.007977638239819083
population,4 Gemini + 4 GPT,game_myth,5,return,5,5,0.4256143274853802,0.03715499092915499
population,4 Gemini + 4 GPT,game_myth,6,return,5,5,0.459264985380117,0.009815826334980456
population,4 Gemini + 4 GPT,game_myth,7,return,5,5,0.4431552631578947,0.010183204462448824
population,4 Gemini + 4 GPT,game_myth,8,return,5,5,0.44939999999999997,0.015125103305432335
population,4 Gemini + 4 GPT,game_myth,9,return,5,5,0.45992894736842105,0.012954190869974121
population,4 Gemini + 4 GPT,game_myth,10,return,5,5,0.4431999999999999,0.015450930392698027
population,1 GPT + 7 Sonnet,game_myth,1,return,5,5,0.3327528799702713,0.06840901392549632
population,1 GPT + 7 Sonnet,game_myth,2,return,5,5,0.40459533011272136,0.04435226190866073
population,1 GPT + 7 Sonnet,game_myth,3,return,5,5,0.4175209379871034,0.0038280338124069306
population,1 GPT + 7 Sonnet,game_myth,4,return,5,5,0.4027162800417973,0.03226921220665307
population,1 GPT + 7 Sonnet,game_myth,5,return,5,5,0.4167537781776378,0.03799745543238356
population,1 GPT + 7 Sonnet,game_myth,6,return,5,5,0.453841853170316,0.01949266821632684
population,1 GPT + 7 Sonnet,game_myth,7,return,5,5,0.4246621455938698,0.02853990611377264
population,1 GPT + 7 Sonnet,game_myth,8,return,5,5,0.4192395848595849,0.03496738835814434
population,1 GPT + 7 Sonnet,game_myth,9,return,5,5,0.4419623681601241,0.027331163387681174
population,1 GPT + 7 Sonnet,game_myth,10,return,5,5,0.4215935878214738,0.03199017665217187
population,2 GPT + 6 Sonnet,game_myth,1,return,5,5,0.32440740740740737,0.13016255532728238
population,2 GPT + 6 Sonnet,game_myth,2,return,5,5,0.38876705314009663,0.04366237513256796
population,2 GPT + 6 Sonnet,game_myth,3,return,5,5,0.41179163279655634,0.044543921135138685
population,2 GPT + 6 Sonnet,game_myth,4,return,5,5,0.432601454920039,0.03776722294353983
population,2 GPT + 6 Sonnet,game_myth,5,return,5,5,0.40061072261072256,0.03343738907366498
population,2 GPT + 6 Sonnet,game_myth,6,return,5,5,0.4483404589371981,0.04568439700095453
population,2 GPT + 6 Sonnet,game_myth,7,return,5,5,0.43227635348992166,0.040675516622723944
population,2 GPT + 6 Sonnet,game_myth,8,return,5,5,0.4419870288123561,0.040833031725643724
population,2 GPT + 6 Sonnet,game_myth,9,return,5,5,0.43941919191919193,0.034427852279073974
population,2 GPT + 6 Sonnet,game_myth,10,return,5,5,0.4402839666506333,0.021590301359061995
population,4 GPT + 4 Sonnet,game_myth,1,return,5,5,0.17777777777777776,0.1817269692644014
population,4 GPT + 4 Sonnet,game_myth,2,return,5,5,0.3507945419103314,0.0709082991869999
population,4 GPT + 4 Sonnet,game_myth,3,return,5,5,0.4051294569974345,0.03969368744952651
population,4 GPT + 4 Sonnet,game_myth,4,return,5,5,0.37094305555555557,0.12213365797715071
population,4 GPT + 4 Sonnet,game_myth,5,return,5,5,0.4295634991216512,0.048583492607506176
population,4 GPT + 4 Sonnet,game_myth,6,return,5,5,0.4282329936729937,0.05743583705919846
population,4 GPT + 4 Sonnet,game_myth,7,return,5,5,0.44633688242322017,0.02694495712352329
population,4 GPT + 4 Sonnet,game_myth,8,return,5,5,0.447673062254298,0.04864873783789965
population,4 GPT + 4 Sonnet,game_myth,9,return,5,5,0.4741915416560726,0.045724629846493205
population,4 GPT + 4 Sonnet,game_myth,10,return,5,5,0.44944883455496465,0.03797057200891846
population,1 Gemini + 7 GPT,myth_game,1,return,5,5,0.3319266381766382,0.031080811433293578
population,1 Gemini + 7 GPT,myth_game,2,return,5,5,0.365643721913825,0.07557191611287775
population,1 Gemini + 7 GPT,myth_game,3,return,5,5,0.3242618658736306,0.039199468556234185
population,1 Gemini + 7 GPT,myth_game,4,return,5,5,0.3746920634920635,0.027383948766344725
population,1 Gemini + 7 GPT,myth_game,5,return,5,5,0.4005160818713451,0.056169831992595474
population,1 Gemini + 7 GPT,myth_game,6,return,5,5,0.39789444444444444,0.04550424956413482
population,1 Gemini + 7 GPT,myth_game,7,return,5,5,0.4067333333333333,0.03510941514389025
population,1 Gemini + 7 GPT,myth_game,8,return,5,5,0.44067017543859655,0.03302374354772156
population,1 Gemini + 7 GPT,myth_game,9,return,5,5,0.42268333333333336,0.049230833834092214
population,1 Gemini + 7 GPT,myth_game,10,return,5,5,0.4294166666666667,0.014732923259753263
population,2 Gemini + 6 GPT,myth_game,1,return,5,5,0.3663632646220881,0.06574283722280955
population,2 Gemini + 6 GPT,myth_game,2,return,5,5,0.39143601365048175,0.07514030324772675
population,2 Gemini + 6 GPT,myth_game,3,return,5,5,0.41813922305764406,0.03452596536919308
population,2 Gemini + 6 GPT,myth_game,4,return,5,5,0.4170138888888889,0.03484411106079884
population,2 Gemini + 6 GPT,myth_game,5,return,5,5,0.43268918128654976,0.018325060611942907
population,2 Gemini + 6 GPT,myth_game,6,return,5,5,0.4502190058479532,0.02913307329792887
population,2 Gemini + 6 GPT,myth_game,7,return,5,5,0.4422055555555556,0.008796998997273119
population,2 Gemini + 6 GPT,myth_game,8,return,5,5,0.4468944444444444,0.018883786075446034
population,2 Gemini + 6 GPT,myth_game,9,return,5,5,0.4561324561403509,0.014600240957295181
population,2 Gemini + 6 GPT,myth_game,10,return,5,5,0.44094999999999995,0.01541076463601551
population,4 Gemini + 4 GPT,myth_game,1,return,5,5,0.3720271164021164,0.05142344042929341
population,4 Gemini + 4 GPT,myth_game,2,return,5,5,0.4617345454545455,0.04664640314684626
population,4 Gemini + 4 GPT,myth_game,3,return,5,5,0.42837948717948715,0.029567627994929662
population,4 Gemini + 4 GPT,myth_game,4,return,5,5,0.42105,0.0210110420705135
population,4 Gemini + 4 GPT,myth_game,5,return,5,5,0.4431798245614035,0.012815511782958835
population,4 Gemini + 4 GPT,myth_game,6,return,5,5,0.4595728070175439,0.0062500881803567035
population,4 Gemini + 4 GPT,myth_game,7,return,5,5,0.44270000000000004,0.011168159104247148
population,4 Gemini + 4 GPT,myth_game,8,return,5,5,0.44783333333333336,0.01643949343636978
population,4 Gemini + 4 GPT,myth_game,9,return,5,5,0.4594166666666667,0.013345046938013264
population,4 Gemini + 4 GPT,myth_game,10,return,5,5,0.442698031496063,0.015272382843886703
population,1 GPT + 7 Sonnet,myth_game,1,return,5,5,0.40231082621082626,0.03837121977335664
population,1 GPT + 7 Sonnet,myth_game,2,return,5,5,0.47478788436469593,0.03393216435255502
population,1 GPT + 7 Sonnet,myth_game,3,return,5,5,0.470519517994129,0.04352709785019806
population,1 GPT + 7 Sonnet,myth_game,4,return,5,5,0.463012315270936,0.06410826529043806
population,1 GPT + 7 Sonnet,myth_game,5,return,5,5,0.4655861477240788,0.0546836213243592
population,1 GPT + 7 Sonnet,myth_game,6,return,5,5,0.5089564270152506,0.06948871263682745
population,1 GPT + 7 Sonnet,myth_game,7,return,5,5,0.47726032674278285,0.06324079338187291
population,1 GPT + 7 Sonnet,myth_game,8,return,5,5,0.4913561616441588,0.06258006208666493
population,1 GPT + 7 Sonnet,myth_game,9,return,5,5,0.5063376026272578,0.08930093683917678
population,1 GPT + 7 Sonnet,myth_game,10,return,5,5,0.49052234029095504,0.06403544454320058
population,2 GPT + 6 Sonnet,myth_game,1,return,5,5,0.4276705501288835,0.05687146515115332
population,2 GPT + 6 Sonnet,myth_game,2,return,5,5,0.47075119474313026,0.0351178002940171
population,2 GPT + 6 Sonnet,myth_game,3,return,5,5,0.47172225703146753,0.025890047879916497
population,2 GPT + 6 Sonnet,myth_game,4,return,5,5,0.46765052287581704,0.04584404207939623
population,2 GPT + 6 Sonnet,myth_game,5,return,5,5,0.4704710826210826,0.03184076800465977
population,2 GPT + 6 Sonnet,myth_game,6,return,5,5,0.4937416884386031,0.0653983776142485
population,2 GPT + 6 Sonnet,myth_game,7,return,5,5,0.48520823620823617,0.062439342112005566
population,2 GPT + 6 Sonnet,myth_game,8,return,5,5,0.48632007270428323,0.05819884491707156
population,2 GPT + 6 Sonnet,myth_game,9,return,5,5,0.4927151871844854,0.06949942051647649
population,2 GPT + 6 Sonnet,myth_game,10,return,5,5,0.49004744152046786,0.06196451881668478
population,4 GPT + 4 Sonnet,myth_game,1,return,5,5,0.39331666666666665,0.022369976244765184
population,4 GPT + 4 Sonnet,myth_game,2,return,5,5,0.435962728328582,0.045130941918541674
population,4 GPT + 4 Sonnet,myth_game,3,return,5,5,0.42106288515406165,0.04839460210749246
population,4 GPT + 4 Sonnet,myth_game,4,return,5,5,0.406243253968254,0.056912702763611205
population,4 GPT + 4 Sonnet,myth_game,5,return,5,5,0.4190003928866832,0.041288654733737315
population,4 GPT + 4 Sonnet,myth_game,6,return,5,5,0.45465140545813787,0.014965374164702746
population,4 GPT + 4 Sonnet,myth_game,7,return,5,5,0.45901891131078043,0.032128309977802395
population,4 GPT + 4 Sonnet,myth_game,8,return,5,5,0.4356415019449075,0.06140244467282309
population,4 GPT + 4 Sonnet,myth_game,9,return,5,5,0.4669319152307388,0.02515577029988016
population,4 GPT + 4 Sonnet,myth_game,10,return,5,5,0.4396752327193503,0.051778464108478486
population,8 Sonnet,game,1,return,5,5,0.36085470085470084,0.032986065694283424
population,8 Sonnet,game,2,return,5,5,0.3965180375180375,0.021958623822767642
population,8 Sonnet,game,3,return,5,5,0.3915811469854023,0.023714157390117386
population,8 Sonnet,game,4,return,5,5,0.3806655565834104,0.02315348949406261
population,8 Sonnet,game,5,return,5,5,0.391971884057971,0.034511689374331245
population,8 Sonnet,game,6,return,5,5,0.4197190635451505,0.02697649196001443
population,8 Sonnet,game,7,return,5,5,0.3928333333333333,0.019549715036917856
population,8 Sonnet,game,8,return,5,5,0.4001324786324786,0.016632672706855197
population,8 Sonnet,game,9,return,5,5,0.41768444444444447,0.030195587323765708
population,8 Sonnet,game,10,return,5,5,0.39404666666666666,0.02422077773470691
population,8 Gemini,game,1,return,5,5,0.43546666666666667,0.021381910838629743
population,8 Gemini,game,2,return,5,5,0.4550666666666666,0.017115457600919978
population,8 Gemini,game,3,return,5,5,0.44731666666666675,0.01383990807612374
population,8 Gemini,game,4,return,5,5,0.44020000000000004,0.007002380547594744
population,8 Gemini,game,5,return,5,5,0.4458333333333333,0.014503830911559578
population,8 Gemini,game,6,return,5,5,0.4634333333333333,0.007063550806782681
population,8 Gemini,game,7,return,5,5,0.44358333333333333,0.010805573407583077
population,8 Gemini,game,8,return,5,5,0.44786666666666675,0.016414614931009926
population,8 Gemini,game,9,return,5,5,0.45933333333333326,0.013487005062487203
population,8 Gemini,game,10,return,5,5,0.44315,0.015438992842799034
population,8 GPT,game,1,return,5,0,,
population,8 GPT,game,2,return,5,0,,
population,8 GPT,game,3,return,5,0,,
population,8 GPT,game,4,return,5,0,,
population,8 GPT,game,5,return,5,0,,
population,8 GPT,game,6,return,5,0,,
population,8 GPT,game,7,return,5,0,,
population,8 GPT,game,8,return,5,0,,
population,8 GPT,game,9,return,5,0,,
population,8 GPT,game,10,return,5,0,,
population,8 Sonnet,game_myth,1,return,5,5,0.37744444444444447,0.022108563504825752
population,8 Sonnet,game_myth,2,return,5,5,0.4213505990133897,0.029724768847328914
population,8 Sonnet,game_myth,3,return,5,5,0.41077667984189725,0.023884322511652074
population,8 Sonnet,game_myth,4,return,5,5,0.3940329819938516,0.016317398712392538
population,8 Sonnet,game_myth,5,return,5,5,0.4003719806763285,0.016778832117165868
population,8 Sonnet,game_myth,6,return,5,5,0.4339208432147562,0.010902333744546959
population,8 Sonnet,game_myth,7,return,5,5,0.40256609574000873,0.02218786541354937
population,8 Sonnet,game_myth,8,return,5,5,0.4075307158541942,0.030344142119478383
population,8 Sonnet,game_myth,9,return,5,5,0.4235189786059351,0.026117439403912306
population,8 Sonnet,game_myth,10,return,5,5,0.4059432367149759,0.026091558627431063
population,8 Gemini,game_myth,1,return,5,5,0.4333333333333333,0.021258005028171822
population,8 Gemini,game_myth,2,return,5,5,0.4552666666666667,0.017082967475757195
population,8 Gemini,game_myth,3,return,5,5,0.449,0.014431832100526168
population,8 Gemini,game_myth,4,return,5,5,0.44028333333333325,0.00700783291911429
population,8 Gemini,game_myth,5,return,5,5,0.4460166666666667,0.014549054952126621
population,8 Gemini,game_myth,6,return,5,5,0.46371666666666667,0.006728515190342253
population,8 Gemini,game_myth,7,return,5,5,0.4436,0.010741340181229204
population,8 Gemini,game_myth,8,return,5,5,0.4479,0.01643129635786538
population,8 Gemini,game_myth,9,return,5,5,0.45938333333333337,0.013399004938178544
population,8 Gemini,game_myth,10,return,5,5,0.44315,0.015438992842799027
population,8 GPT,game_myth,1,return,5,0,,
population,8 GPT,game_myth,2,return,5,5,0.27754074074074075,0.09806856521956953
population,8 GPT,game_myth,3,return,5,5,0.32261468253968256,0.02775272993422386
population,8 GPT,game_myth,4,return,5,5,0.39712619047619047,0.253822648246839
population,8 GPT,game_myth,5,return,5,4,0.32555753968253964,0.06100300696507138
population,8 GPT,game_myth,6,return,5,4,0.3252112973233663,0.027013433763842347
population,8 GPT,game_myth,7,return,5,5,0.2775380952380953,0.13863910309515667
population,8 GPT,game_myth,8,return,5,3,0.3960378983634798,0.03796703999861799
population,8 GPT,game_myth,9,return,5,3,0.3031111111111111,0.09262009221265911
population,8 GPT,game_myth,10,return,5,2,0.2755,0.1298719454779292
population,8 Sonnet,myth_game,1,return,5,5,0.4455463741051977,0.035522303904864126
population,8 Sonnet,myth_game,2,return,5,5,0.4996037207714627,0.02547632171641655
population,8 Sonnet,myth_game,3,return,5,5,0.5071155839973799,0.03250086559831307
population,8 Sonnet,myth_game,4,return,5,5,0.4902973579105658,0.02357021251516549
population,8 Sonnet,myth_game,5,return,5,5,0.5091430882438946,0.04856096501828586
population,8 Sonnet,myth_game,6,return,5,5,0.5151208096141683,0.03316455747195157
population,8 Sonnet,myth_game,7,return,5,5,0.5215657276085665,0.03761436117613034
population,8 Sonnet,myth_game,8,return,5,5,0.5126144880174291,0.04085716031676867
population,8 Sonnet,myth_game,9,return,5,5,0.5155502450980392,0.02278287057148059
population,8 Sonnet,myth_game,10,return,5,5,0.5236904387007328,0.0615753728510063
population,8 Gemini,myth_game,1,return,5,5,0.4381333333333333,0.021362415073623516
population,8 Gemini,myth_game,2,return,5,5,0.4573666666666667,0.017807379868407896
population,8 Gemini,myth_game,3,return,5,5,0.45059999999999995,0.01381919458177245
population,8 Gemini,myth_game,4,return,5,5,0.44025,0.006992058987800995
population,8 Gemini,myth_game,5,return,5,5,0.4473166666666667,0.014562890433488067
population,8 Gemini,myth_game,6,return,5,5,0.46338333333333337,0.007129895978670869
population,8 Gemini,myth_game,7,return,5,5,0.44558333333333333,0.011356746648774226
population,8 Gemini,myth_game,8,return,5,5,0.4479,0.01643129635786538
population,8 Gemini,myth_game,9,return,5,5,0.45935,0.013378750772109553
population,8 Gemini,myth_game,10,return,5,5,0.44315,0.015438992842799027
population,8 GPT,myth_game,1,return,5,5,0.2959778499278499,0.015207542479650588
population,8 GPT,myth_game,2,return,5,5,0.3225830381901546,0.055322402761796736
population,8 GPT,myth_game,3,return,5,5,0.310398228663446,0.026751978530265758
population,8 GPT,myth_game,4,return,5,5,0.32873465757592024,0.04994975346706032
population,8 GPT,myth_game,5,return,5,4,0.30447619047619046,0.040726824394318475
population,8 GPT,myth_game,6,return,5,5,0.28489177489177486,0.1647538289121887
population,8 GPT,myth_game,7,return,5,4,0.35213488247863245,0.06267431251553951
population,8 GPT,myth_game,8,return,5,4,0.31475000000000003,0.12211511721261971
population,8 GPT,myth_game,9,return,5,4,0.33715705128205126,0.053752695017778754
population,8 GPT,myth_game,10,return,5,2,0.3963333333333333,0.11266568046905658
