setting,composition,task_order,family,metric,n_mixed_runs,mixed_mean,mixed_sd,n_homogeneous_runs,homogeneous_mean,homogeneous_sd,shift_mixed_minus_homogeneous
dyad,Sonnet+GPT,game,Sonnet,sent,6,1.0666666666666667,0.6772493386240157,5,2.54,0.39906139878469826,-1.4733333333333334
dyad,Sonnet+GPT,game,GPT,sent,6,0.3333333333333333,0.816496580927726,5,0.0,0.0,0.3333333333333333
dyad,Sonnet+GPT,game_myth,Sonnet,sent,6,3.436666666666667,1.3477339005407065,5,3.058,0.4644970398183394,0.37866666666666715
dyad,Sonnet+GPT,game_myth,GPT,sent,6,3.254,1.4098709160770713,5,2.87,1.0461835403025608,0.3839999999999999
dyad,Sonnet+GPT,myth_game,Sonnet,sent,6,3.4250000000000003,0.8221374580932315,5,3.282,0.8204389069272616,0.14300000000000024
dyad,Sonnet+GPT,myth_game,GPT,sent,6,3.5956666666666663,0.9877930282537261,5,3.4638,1.1811359786239686,0.13186666666666635
dyad,Sonnet+Gemini,game,Sonnet,sent,6,4.119666666666667,0.41195226260656315,5,2.54,0.39906139878469826,1.5796666666666672
dyad,Sonnet+Gemini,game,Gemini,sent,6,4.8999999999999995,0.24494897427831766,5,5.0,0.0,-0.10000000000000053
dyad,Sonnet+Gemini,game_myth,Sonnet,sent,6,4.599666666666667,0.13023312430663192,5,3.058,0.4644970398183394,1.541666666666667
dyad,Sonnet+Gemini,game_myth,Gemini,sent,6,5.0,0.0,5,5.0,0.0,0.0
dyad,Sonnet+Gemini,myth_game,Sonnet,sent,6,4.836666666666667,0.1388044187577136,5,3.282,0.8204389069272616,1.5546666666666669
dyad,Sonnet+Gemini,myth_game,Gemini,sent,6,5.0,0.0,5,5.0,0.0,0.0
dyad,Gemini+GPT,game,Gemini,sent,6,1.1666666666666667,0.408248290463863,5,5.0,0.0,-3.833333333333333
dyad,Gemini+GPT,game,GPT,sent,6,0.16666666666666666,0.408248290463863,5,0.0,0.0,0.16666666666666666
dyad,Gemini+GPT,game_myth,Gemini,sent,6,5.0,0.0,5,5.0,0.0,0.0
dyad,Gemini+GPT,game_myth,GPT,sent,6,4.134,0.5875168082701975,5,2.87,1.0461835403025608,1.2640000000000002
dyad,Gemini+GPT,myth_game,Gemini,sent,6,5.0,0.0,5,5.0,0.0,0.0
dyad,Gemini+GPT,myth_game,GPT,sent,6,4.720666666666666,0.2890028834919587,5,3.4638,1.1811359786239686,1.2568666666666664
population,1 Gemini + 7 GPT,game,Gemini,sent,5,0.8800000000000001,0.2683281572999748,5,5.0,0.0,-4.12
population,1 Gemini + 7 GPT,game,GPT,sent,5,0.0,0.0,5,0.0,0.0,0.0
population,2 Gemini + 6 GPT,game,Gemini,sent,5,1.9600000000000002,1.4909728367747013,5,5.0,0.0,-3.04
population,2 Gemini + 6 GPT,game,GPT,sent,5,0.56,0.6193186219996583,5,0.0,0.0,0.56
population,4 Gemini + 4 GPT,game,Gemini,sent,5,3.675,0.16770509831248426,5,5.0,0.0,-1.3250000000000002
population,4 Gemini + 4 GPT,game,GPT,sent,5,2.07,0.9270922284217465,5,0.0,0.0,2.07
population,1 Gemini + 7 GPT,game_myth,Gemini,sent,5,5.0,0.0,5,5.0,0.0,0.0
population,1 Gemini + 7 GPT,game_myth,GPT,sent,5,2.3988,1.1361578720424734,5,1.2977,0.7125536471031496,1.1011
population,2 Gemini + 6 GPT,game_myth,Gemini,sent,5,4.9,0.22360679774997896,5,5.0,0.0,-0.09999999999999964
population,2 Gemini + 6 GPT,game_myth,GPT,sent,5,2.8433333333333333,0.4861412689057918,5,1.2977,0.7125536471031496,1.5456333333333332
population,4 Gemini + 4 GPT,game_myth,Gemini,sent,5,4.9,0.13693063937629152,5,5.0,0.0,-0.09999999999999964
population,4 Gemini + 4 GPT,game_myth,GPT,sent,5,3.8104999999999998,0.35503696990595196,5,1.2977,0.7125536471031496,2.5127999999999995
population,1 Gemini + 7 GPT,myth_game,Gemini,sent,5,5.0,0.0,5,5.0,0.0,0.0
population,1 Gemini + 7 GPT,myth_game,GPT,sent,5,3.158057142857143,0.7237234334766737,5,2.0006500000000003,0.8322889296992961,1.1574071428571426
population,2 Gemini + 6 GPT,myth_game,Gemini,sent,5,5.0,0.0,5,5.0,0.0,0.0
population,2 Gemini + 6 GPT,myth_game,GPT,sent,5,4.315066666666667,0.47268913909907256,5,2.0006500000000003,0.8322889296992961,2.3144166666666663
population,4 Gemini + 4 GPT,myth_game,Gemini,sent,5,5.0,0.0,5,5.0,0.0,0.0
population,4 Gemini + 4 GPT,myth_game,GPT,sent,5,4.5355,0.31168092658999863,5,2.0006500000000003,0.8322889296992961,2.5348499999999996
population,1 GPT + 7 Sonnet,game,GPT,sent,5,3.2088,1.0783261102282555,5,0.0,0.0,3.2088
population,1 GPT + 7 Sonnet,game,Sonnet,sent,5,2.8,0.19872039633205088,5,3.0174999999999996,0.10101051925418464,-0.2174999999999998
population,2 GPT + 6 Sonnet,game,GPT,sent,5,1.16,1.2157302332343305,5,0.0,0.0,1.16
population,2 GPT + 6 Sonnet,game,Sonnet,sent,5,2.1066666666666665,0.447151478186581,5,3.0174999999999996,0.10101051925418464,-0.9108333333333332
population,4 GPT + 4 Sonnet,game,GPT,sent,5,1.2302,0.9559603548264959,5,0.0,0.0,1.2302
population,4 GPT + 4 Sonnet,game,Sonnet,sent,5,1.7600000000000002,0.7223226425912453,5,3.0174999999999996,0.10101051925418464,-1.2574999999999994
population,1 GPT + 7 Sonnet,game_myth,GPT,sent,5,3.34,0.8354639429682169,5,1.2977,0.7125536471031496,2.0423
population,1 GPT + 7 Sonnet,game_myth,Sonnet,sent,5,3.087142857142857,0.1845015347538621,5,2.91125,0.0921106671347027,0.1758928571428573
population,2 GPT + 6 Sonnet,game_myth,GPT,sent,5,3.2399999999999998,0.8173126696681021,5,1.2977,0.7125536471031496,1.9422999999999997
population,2 GPT + 6 Sonnet,game_myth,Sonnet,sent,5,3.1386666666666665,0.32541085142051157,5,2.91125,0.0921106671347027,0.2274166666666666
population,4 GPT + 4 Sonnet,game_myth,GPT,sent,5,2.9268,0.881272489074747,5,1.2977,0.7125536471031496,1.6291
population,4 GPT + 4 Sonnet,game_myth,Sonnet,sent,5,3.195,0.5155094567512802,5,2.91125,0.0921106671347027,0.28374999999999995
population,1 GPT + 7 Sonnet,myth_game,GPT,sent,5,4.76,0.26076809620810587,5,2.0006500000000003,0.8322889296992961,2.7593499999999995
population,1 GPT + 7 Sonnet,myth_game,Sonnet,sent,5,3.9028571428571426,0.4741964201656936,5,4.3735,0.442572734135306,-0.47064285714285736
population,2 GPT + 6 Sonnet,myth_game,GPT,sent,5,4.35,0.282842712474619,5,2.0006500000000003,0.8322889296992961,2.3493499999999994
population,2 GPT + 6 Sonnet,myth_game,Sonnet,sent,5,4.3500000000000005,0.5184445218364472,5,4.3735,0.442572734135306,-0.02349999999999941
population,4 GPT + 4 Sonnet,myth_game,GPT,sent,5,3.8797999999999995,0.7849698720333156,5,2.0006500000000003,0.8322889296992961,1.8791499999999992
population,4 GPT + 4 Sonnet,myth_game,Sonnet,sent,5,3.8105,0.4624202633968368,5,4.3735,0.442572734135306,-0.5629999999999997
dyad,Sonnet+GPT,game,Sonnet,return,1,0.46199999999999997,,5,0.3750607503607503,0.02294537825397247,0.08693924963924965
dyad,Sonnet+GPT,game,GPT,return,6,0.024351851851851836,0.05644664985484427,0,,,
dyad,Sonnet+GPT,game_myth,Sonnet,return,6,0.44846552028218695,0.16164725157226084,5,0.4261876333310295,0.027728179979316033,0.022277886951157455
dyad,Sonnet+GPT,game_myth,GPT,return,6,0.3882142347600035,0.2044761622139633,5,0.3086430555555555,0.09194925465571507,0.079571179204448
dyad,Sonnet+GPT,myth_game,Sonnet,return,6,0.4655377329529215,0.05912236263014255,5,0.48322022806683174,0.10679492960969193,-0.017682495113910235
dyad,Sonnet+GPT,myth_game,GPT,return,6,0.3805356053299039,0.08724430628293667,5,0.3310245726625588,0.05225809773667901,0.04951103266734508
dyad,Sonnet+Gemini,game,Sonnet,return,6,0.43530617283950607,0.05886279406314299,5,0.3750607503607503,0.02294537825397247,0.06024542247875575
dyad,Sonnet+Gemini,game,Gemini,return,6,0.4179259043947081,0.052790178005557825,5,0.4464066666666667,0.007266223228060089,-0.02848076227195856
dyad,Sonnet+Gemini,game_myth,Sonnet,return,6,0.5006222222222222,0.051742794094837445,5,0.4261876333310295,0.027728179979316033,0.0744345888911927
dyad,Sonnet+Gemini,game_myth,Gemini,return,6,0.446025039745628,0.015088814370844474,5,0.4566066666666666,0.016980796343058976,-0.01058162692103859
dyad,Sonnet+Gemini,myth_game,Sonnet,return,6,0.5046888888888889,0.06619252279581189,5,0.48322022806683174,0.10679492960969193,0.021468660822057117
dyad,Sonnet+Gemini,myth_game,Gemini,return,6,0.4491796296296296,0.018083685323990784,5,0.46502,0.02740593609664399,-0.015840370370370394
dyad,Gemini+GPT,game,Gemini,return,1,0.4493333333333333,,5,0.4464066666666667,0.007266223228060089,0.002926666666666633
dyad,Gemini+GPT,game,GPT,return,6,0.05083333333333334,0.12451572859147823,0,,,
dyad,Gemini+GPT,game_myth,Gemini,return,6,0.43547734204793026,0.028217972153977748,5,0.4566066666666666,0.016980796343058976,-0.021129324618736345
dyad,Gemini+GPT,game_myth,GPT,return,6,0.37646666666666656,0.04458204920269043,5,0.3086430555555555,0.09194925465571507,0.06782361111111107
dyad,Gemini+GPT,myth_game,Gemini,return,6,0.44554037999038004,0.019308341853406786,5,0.46502,0.02740593609664399,-0.019479620009619947
dyad,Gemini+GPT,myth_game,GPT,return,6,0.4407666666666667,0.012764934608354098,5,0.3310245726625588,0.05225809773667901,0.10974209400410789
population,1 Gemini + 7 GPT,game,Gemini,return,0,,,5,0.448125,0.0046791054463196455,
population,1 Gemini + 7 GPT,game,GPT,return,5,0.0,0.0,0,,,
population,2 Gemini + 6 GPT,game,Gemini,return,2,0.4439166666666666,0.011431559629182516,5,0.448125,0.0046791054463196455,-0.0042083333333333695
population,2 Gemini + 6 GPT,game,GPT,return,5,0.06348444444444444,0.096064924547907,0,,,
population,4 Gemini + 4 GPT,game,Gemini,return,5,0.4359694502447443,0.021555094568485245,5,0.448125,0.0046791054463196455,-0.012155549755255679
population,4 Gemini + 4 GPT,game,GPT,return,5,0.12163915343915341,0.07870627681534743,0,,,
population,1 Gemini + 7 GPT,game_myth,Gemini,return,5,0.4248307407407407,0.04415884082387234,5,0.44816500000000004,0.004153911309436795,-0.02333425925925936
population,1 Gemini + 7 GPT,game_myth,GPT,return,5,0.3611055811331478,0.06237256387169033,5,0.29392332067167465,0.025384414686845415,0.06718226046147313
population,2 Gemini + 6 GPT,game_myth,Gemini,return,5,0.42964470899470897,0.02664470676991989,5,0.44816500000000004,0.004153911309436795,-0.018520291005291067
population,2 Gemini + 6 GPT,game_myth,GPT,return,5,0.36509275491759696,0.01932748654289246,5,0.29392332067167465,0.025384414686845415,0.07116943424592231
population,4 Gemini + 4 GPT,game_myth,Gemini,return,5,0.43956467752646866,0.020035981809246692,5,0.44816500000000004,0.004153911309436795,-0.008600322473531374
population,4 Gemini + 4 GPT,game_myth,GPT,return,5,0.39483758934372964,0.01699682357995791,5,0.29392332067167465,0.025384414686845415,0.100914268672055
population,1 Gemini + 7 GPT,myth_game,Gemini,return,5,0.4415344444444444,0.014832619833027184,5,0.4493033333333333,0.005240555658621643,-0.007768888888888881
population,1 Gemini + 7 GPT,myth_game,GPT,return,5,0.37284295408504864,0.04046998826194731,5,0.3072196608514322,0.024611059123775997,0.06562329323361643
population,2 Gemini + 6 GPT,myth_game,Gemini,return,5,0.44891499999999995,0.012381091155866525,5,0.4493033333333333,0.005240555658621643,-0.00038833333333332387
population,2 Gemini + 6 GPT,myth_game,GPT,return,5,0.4179548432925439,0.017014413156633944,5,0.3072196608514322,0.024611059123775997,0.11073518244111169
population,4 Gemini + 4 GPT,myth_game,Gemini,return,5,0.4468247953216375,0.009647768386689216,5,0.4493033333333333,0.005240555658621643,-0.0024785380116957856
population,4 Gemini + 4 GPT,myth_game,GPT,return,5,0.4241238076673164,0.020883828920065465,5,0.3072196608514322,0.024611059123775997,0.11690414681588418
population,1 GPT + 7 Sonnet,game,GPT,return,5,0.16758777777777775,0.1382842464448312,0,,,
population,1 GPT + 7 Sonnet,game,Sonnet,return,5,0.39921527836496323,0.02844295798943025,5,0.3942141233766233,0.016759997901902676,0.0050011549883399176
population,2 GPT + 6 Sonnet,game,GPT,return,5,0.03213333333333333,0.052434933224160984,0,,,
population,2 GPT + 6 Sonnet,game,Sonnet,return,5,0.36931889488029834,0.02629967266679697,5,0.3942141233766233,0.016759997901902676,-0.024895228496324973
population,4 GPT + 4 Sonnet,game,GPT,return,5,0.13830955086580085,0.11124246709794541,0,,,
population,4 GPT + 4 Sonnet,game,Sonnet,return,5,0.39119623990045044,0.05075557769804318,5,0.3942141233766233,0.016759997901902676,-0.003017883476172878
population,1 GPT + 7 Sonnet,game_myth,GPT,return,5,0.36799793650793655,0.05517549689670165,5,0.29392332067167465,0.025384414686845415,0.0740746158362619
population,1 GPT + 7 Sonnet,game_myth,Sonnet,return,5,0.41850620240947967,0.023043286531102297,5,0.40759271284271287,0.00939698255483117,0.010913489566766799
population,2 GPT + 6 Sonnet,game_myth,GPT,return,5,0.3443515873015873,0.036819462413528854,5,0.29392332067167465,0.025384414686845415,0.05042826662991268
population,2 GPT + 6 Sonnet,game_myth,Sonnet,return,5,0.43416774011520315,0.051837467423471215,5,0.40759271284271287,0.00939698255483117,0.02657502727249028
population,4 GPT + 4 Sonnet,game_myth,GPT,return,5,0.35435985959855726,0.07069705312275848,5,0.29392332067167465,0.025384414686845415,0.06043653892688261
population,4 GPT + 4 Sonnet,game_myth,Sonnet,return,5,0.43843524472004525,0.03545522698858238,5,0.40759271284271287,0.00939698255483117,0.03084253187733238
population,1 GPT + 7 Sonnet,myth_game,GPT,return,5,0.4417686772486772,0.07863267786605428,5,0.3072196608514322,0.024611059123775997,0.13454901639724498
population,1 GPT + 7 Sonnet,myth_game,Sonnet,return,5,0.47869614734782806,0.053155032368056146,5,0.5038803465794057,0.02855998711846587,-0.025184199231577664
population,2 GPT + 6 Sonnet,myth_game,GPT,return,5,0.45661534391534386,0.0404074707958674,5,0.3072196608514322,0.024611059123775997,0.14939568306391166
population,2 GPT + 6 Sonnet,myth_game,Sonnet,return,5,0.47986836526181353,0.049967027895187546,5,0.5038803465794057,0.02855998711846587,-0.02401198131759219
population,4 GPT + 4 Sonnet,myth_game,GPT,return,5,0.4010231559863506,0.039198443886664096,5,0.3072196608514322,0.024611059123775997,0.09380349513491837
population,4 GPT + 4 Sonnet,myth_game,Sonnet,return,5,0.44701678747522405,0.039426522615496666,5,0.5038803465794057,0.02855998711846587,-0.05686355910418167
