fe,setting,role,coef_coop_on_generous_after,ci_low,ci_high,p,n
run,2-agent homogeneous,investor,0.13718553477741477,-0.10776507825514958,0.3821361478099791,0.2723418948439903,270
run,2-agent homogeneous,trustee,-0.15698087885124523,-1.1091143424703862,0.7951525847678959,0.7465856697950841,266
run,2-agent mixed,investor,0.3457577821252795,-0.02669859764703353,0.7182141618975926,0.06883992307307216,323
run,2-agent mixed,trustee,0.22488040575481144,-0.34677708083103237,0.7965378923406552,0.44069700474674,322
run,8-agent homogeneous,investor,-0.0014419550643147323,-0.08803736443515095,0.08515345430652149,0.9739643804310384,1080
run,8-agent homogeneous,trustee,0.3521996606825316,0.01066468149073524,0.693734639874328,0.04326265596860001,919
run,8-agent mixed,investor,0.20788434583033866,0.15355960055224518,0.26220909110843216,6.372611567363644e-14,2160
run,8-agent mixed,trustee,0.5092019743135898,0.25835409738046133,0.7600498512467183,6.932903261830075e-05,1952
run,all settings,investor,0.16142795009348276,0.10976349694237489,0.21309240324459064,9.125648009202416e-10,3833
run,all settings,trustee,0.37549852437649284,0.19193778454180493,0.5590592642111807,6.08800310002865e-05,3459
agent,2-agent homogeneous,investor,0.0985436414624187,-0.17603983952970678,0.37312712245454416,0.4818065799576624,270
agent,2-agent homogeneous,trustee,-0.5673019667998611,-1.576822580037654,0.44221864643793185,0.2707202698642992,266
agent,2-agent mixed,investor,0.4019870294211422,0.03974486029110663,0.7642291985511778,0.029629416743387146,323
agent,2-agent mixed,trustee,0.4582577560766619,-0.3746610497965697,1.2911765619498936,0.2808825707058966,322
agent,8-agent homogeneous,investor,-0.015822760111228643,-0.14867609745920407,0.11703057723674677,0.8154270206922438,1080
agent,8-agent homogeneous,trustee,0.1988028148624163,-0.16653067455152948,0.5641363042763621,0.2861751829543636,919
agent,8-agent mixed,investor,0.11750109479317929,0.05083896473074047,0.1841632248556181,0.0005508976862401708,2160
agent,8-agent mixed,trustee,0.19075084079766685,-0.1063897286141261,0.4878914102094598,0.2083163765099617,1952
agent,all settings,investor,0.07712520595021602,0.02204591538235258,0.13220449651807947,0.006061149205928878,3833
agent,all settings,trustee,0.1321081142265824,-0.08181550941935431,0.34603173787251906,0.22613621377799076,3459
